-0.77038,2.0606,3.58,78.557,8.6025,5.4404,2.2781,4.1366,-16.705,5.3,7.3172,-1.1994,2.3877,-1.9277,2.8369,0,4.5,-0.88923,-26.705,0.044844,55,53.1,1.6682,1.5537
1.5703,2.4179,3.99,-24.511,-6.5902,1.3486,5.5904,0.45221,1.9095,5.6,7.2841,-2.4096,2.1667,3.8462,-3.4067,0,4.58,-0.83045,12.81,1.4994,52.8,54.6,1.0794,-2.1892
8.8139,0.36755,3.93,-58.641,-11.088,2.1484,6.1852,3.8126,23.418,5.1,7.213,2.4096,0.52836,9.4567,-1.142,0,4.49,0.072121,38.316,5.1195,53.9,56.7,10.853,-2.9042
-1.52,2.3877,3.7,-167.87,-0.85485,3.2011,4.7665,5.0206,-8.7741,5.2,7.146,3.5875,2.0836,0,-0.85868,0,4.26,0.44096,-39.134,0.94715,44.1,49,-7.7188,-0.73462
0.99517,0.22987,2.94,-217.84,-2.5038,7.1101,2.4563,-1.6031,-6.6328,5.5,7.1009,1.1887,1.5272,0,3.7077,0,3.83,0.62639,-1.0188,-2.0292,45.6,50.6,0.98223,-1.0078
-4.8715,2.5602,2.3,-346.17,-2.9531,5.7014,1.4103,0.52805,-9.7599,6.3,7.0775,2.3669,1.7933,3.721,-0.28399,0,3.89,0.052135,-46.964,-2.3508,44.9,48.6,-2.8304,-1.1866
2.7104,0.8051,2,-131.4,45.721,6.8879,4.2012,-0.12667,-6.1033,6.8,7.1229,0,0.74671,1.8476,1.9837,0,3.79,-1.3623,10.249,-2.3498,45.5,50.4,4.4825,11.244
7.3667,-0.13407,1.73,-89.257,24.693,7.2684,5.717,5.9313,15.552,7,7.1381,-4.7478,-0.045216,3.6698,3.0975,0,3.79,-1.0438,27.088,1.2064,58.2,65.5,13.544,6.1847
6.6147,1.5658,1.68,-130.17,5.3595,6.7725,6.4481,1.9301,12.563,6.8,7.2145,0,1.4669,0,2.2378,0,3.98,0.98186,29.947,3.509,60.6,65.6,4.2743,0.97315
8.0258,0.57394,2.4,265.55,19.439,6.8999,7.8504,7.9535,13.788,6.2,7.2356,0,0.45027,9.0297,3.6099,0,3.97,1.7765,6.5651,3.2446,61.8,68.9,4.1829,4.7472
7.1405,1.5575,2.46,-88.269,-2.0566,8.1963,6.0494,4.2196,5.9308,5.6,7.216,2.381,1.7512,3.5556,2.4802,0,4.02,0.047439,21.006,2.9573,60.9,60.4,3.8421,-0.95195
4.2869,1.4985,2.61,-15.096,-46.727,8.3773,6.3021,4.8904,3.8573,5.5,7.293,-2.381,1.4089,1.766,2.7379,0,3.87,-0.30819,-3.1683,3.6554,52.7,54.5,2.249,-12.034
3.7925,1.1499,2.85,95.364,-28.615,6.1698,4.0056,3.2208,4.2438,5.6,7.2654,2.381,1.0256,-1.766,-0.27294,0,3.99,-1.0971,6.7398,1.6506,50.2,53,5.8314,-7.41
1.5484,0.96232,2.92,160.84,10.913,7.97,5.2233,5.6281,3.361,5.5,7.3607,0,1.2006,7.0177,2.1784,0,3.9,-0.22833,-11.876,1.3441,54.1,57,3.9409,2.4281
4.4271,1.2751,2.97,13.29,38.888,8.794,4.4944,2.7075,7.3282,5.8,7.2521,-2.381,1.1306,1.7354,4.0527,0,3.89,0.10966,20.509,1.2898,55,59.6,1.7957,9.4393
5.1808,0.73431,2.96,107.15,24.566,8.6048,3.9531,3.7982,10.411,5.7,7.4018,0,0.57516,3.4483,3.7458,0,3.96,-0.39516,6.3137,2.8004,58.5,63.1,3.0518,5.9976
7.7328,2.4423,3.33,181.7,7.0567,8.1109,5.8573,5.4234,2.6603,5.5,7.4218,0,1.8966,0,3.9749,0,4.03,-0.1143,12.131,2.1771,55.8,60.6,8.7283,1.29
2.8445,1.0793,3.45,23.427,13.26,7.6429,7.5202,3.32,6.7048,5.6,7.3969,0,1.4714,6.8087,3.9357,0,4.12,-0.28617,4.8278,2.6124,56.4,62.1,0.76171,2.9471
8.5592,1.6458,3.46,-71.972,22.648,6.5949,7.537,7.806,5.4399,5.5,7.4067,0,1.9243,1.6842,2.6025,0,4.18,0.057479,14.696,2.8658,58.4,61.6,5.1331,5.1809
4.7283,0.6461,3.49,-50.352,13.786,6.7849,7.2449,6.9731,9.2801,5.2,7.3052,-1.1958,0.91518,3.3473,2.5857,0,4.2,-0.033743,-1.4436,2.5218,59.3,62.7,1.1517,3.2176
5.3955,0.90279,3.46,89.907,12.699,9.0001,7.266,7.2958,6.3579,5,7.3324,2.3881,1.3472,1.6632,6.6455,-6.7913,4.19,-1.5708,9.2281,3.893,63.2,67.1,3.655,2.8381
1.4165,1.838,3.58,25.166,8.7832,8.0443,6.5465,1.1121,6.0147,5,7.3119,0,1.3426,1.6563,5.0378,0,4.17,-0.038089,3.7817,3.3891,61.6,61.3,-1.7603,1.8601
9.7468,1.2419,3.97,50.352,8.6869,7.9787,8.0353,8.8215,14.83,4.9,7.2485,1.1887,1.2951,8.1802,2.9925,0,4.2,0.95091,36.428,4.3788,62.7,64.7,6.9849,1.8479
5.4317,2.5486,4.08,119.08,3.5875,6.5447,6.8831,4.407,9.1691,4.7,7.2917,4.7198,1.9991,1.6162,2.4768,0,4.21,0.32459,1.0492,4.5563,60.7,59.1,0.41256,0.39709
8.0425,1.1796,4.07,32.201,-2.0197,7.7866,10.108,6.8311,8.2895,4.4,7.3005,2.3392,1.4768,1.6097,4.4199,0,4.25,-0.33882,13.69,4.9102,59.1,58.7,9.3029,-0.87413
9.3232,2.1095,4.17,-70.725,21.632,8.6044,9.1139,11.094,8.0116,4.1,7.3284,4.6377,1.2158,6.3746,7.2597,0,4.47,1.4488,2.64,5.0959,60.3,62.3,6.1169,5.104
9.759,3.7243,4.56,27.187,-1.0477,7.6491,8.5131,5.8438,11.297,3.9,7.2306,5.7226,3.0975,4.7152,6.8947,0,4.77,-0.34754,30.746,5.2992,65.7,65.6,7.215,-1.0363
1.6351,3.6034,4.91,131.76,-15.372,4.7925,6.5128,1.0111,8.2667,3.8,7.1468,0,3.2834,3.1129,4.4536,0,4.78,-1.2444,-5.9653,5.7699,60.3,57.6,-2.1391,-4.6638
2.8419,3.4486,5.41,39.893,-31.752,2.3749,8.5858,4.5267,6.142,3.8,6.9884,3.3946,3.0487,3.0888,-1.4011,2.322,5.14,-0.41122,-2.9625,4.5666,59.2,54.9,0.72409,-8.7002
3.4164,3.2489,5.56,-72.501,-7.6458,3.955,8.5305,1.6449,3.8043,3.7,6.8363,1.1252,3.1082,7.6193,1.1679,4.4693,5,0.28192,2.338,3.3357,54.4,49.1,3.4168,-2.6885
3.6607,1.0205,4.82,-260.93,35.013,6.4785,6.6958,2.3292,-2.2104,3.8,6.9866,-3.3851,1.1542,3.0075,3.9455,2.6846,4.58,0.41336,-9.9393,2.6426,47.3,45.5,3.7241,8.4648
0.3469,2.4193,3.99,-419.05,20.499,9.4448,4.3416,5.424,-1.6332,3.8,7.1017,2.2599,1.9095,2.9851,5.5047,1.3356,4.82,0.27709,-14.74,0.95829,44.7,48.6,3.4994,4.6474
3.4356,3.996,3.89,-72.929,11.864,10.718,8.3656,2.0229,2.7416,3.8,7.2421,2.2472,3.6701,2.963,8.7866,6.2181,5.25,-1.4772,11.56,2.7461,52.2,57,0.46618,2.0485
3.2065,4.3583,4.17,215.95,0.59253,8.3724,6.7913,2.4263,10.562,3.9,7.2766,2.2346,3.4155,7.3128,6.4107,3.008,5.64,-24.937,8.5365,3.2863,54.6,57.4,1.1868,-0.70573
8.0398,3.9138,4.79,384.28,-12.326,6.7702,11.259,9.3962,5.6705,3.7,7.2828,2.2222,4.2038,10.018,5.2288,0,5.61,-33.638,7.9406,2.9675,55.1,57.5,8.5817,-4.1324
6.6996,3.8759,5.98,202.64,26.085,6.5833,11.227,6.0701,5.3565,3.6,7.2834,3.3104,4.0418,5.6141,6.8671,0,5.74,-2.3569,15.014,3.5547,55.6,58.3,4.1631,5.5108
2.8665,5.3731,5.94,-113.75,8.05,7.6431,10.058,7.4278,3.0918,3.5,7.3271,3.2832,4.1185,2.7778,7.7959,0,5.46,-0.39737,-11.06,3.5819,52.9,54.6,0.36715,0.98288
1.7737,4.9182,5.92,33.172,20.796,9.2107,8.3865,1.8176,6.029,3.4,7.3664,3.2565,4.424,9.5731,8.4648,0,5.77,-0.49123,4.3277,3.9098,56.7,58.8,-0.5141,4.0929
6.1671,4.8696,6.57,141.84,-16.573,6.7715,7.6442,4.4512,7.7064,3.4,7.4254,2.1563,3.9173,5.3692,7.087,7.7422,6.18,0.39172,22.887,4.0212,56.3,57.2,1.1192,-5.1225
1.2803,6.2629,8.33,167.97,2.9217,3.4819,9.7847,2.5397,1.7416,3.4,7.3428,6.4001,5.0886,5.2981,3.1984,27.171,6.35,0.13387,-2.3641,3.7936,55.8,54.9,-0.32075,-0.54171
2.4953,5.4522,8.98,-23.314,-29.419,2.5572,10.784,1.947,4.7729,3.6,7.2521,3.1621,4.8756,6.5254,1.7879,0,6.86,-0.52632,8.0398,3.0532,54,50.6,1.0895,-8.5737
-1.7449,6.0942,8.94,-8.8893,-1.1024,3.43,7.4668,3.1822,-2.5155,3.6,7.1793,6.2501,4.6143,7.6925,3.3556,0,7.3,1.3442,-19.796,1.4926,53.3,50.2,-0.90619,-1.4292
-0.69218,6.3493,8.57,-66.822,-23.836,1.4319,6.95,2.4639,-9.8095,4.2,7.1196,3.0888,4.5981,3.7915,4.1066,0,7.37,1.5061,-12.112,0.90973,47.7,45.6,1.6461,-7.1085
0.70823,5.557,7.88,-34.545,-45.382,2.7133,8.3699,1.8414,-2.2073,4.8,7.1801,0,4.4197,5.0001,3.1008,0,7.71,-0.18865,0.86798,-0.80855,47.8,48.1,4.7898,-12.45
3.5218,4.1202,6.7,14.865,-2.7861,8.9576,6.6453,3.4934,-1.4346,5.2,7.3018,1.0243,3.8722,4.9383,5.1787,-4.8049,7.46,-2.4438,6.4578,-1.0637,47,49.5,6.7775,-1.6646
-4.1362,5.7687,5.57,-335.36,36.925,10.568,4.0526,-1.0832,-8.7422,5.8,7.4425,3.0573,5.1582,3.6641,7.1768,9.9065,6.85,0.26235,-21.822,-2.2889,42.5,46.4,-2.3118,7.9418
10.571,3.3496,3.86,-70.356,46.216,12.673,9.0042,7.5758,7.6386,5.9,7.5099,3.0341,3.7687,11.977,6.4982,19.218,6.02,4.1081,44.11,1.5331,51.3,58.1,11.246,10.612
2.2705,3.6594,4.56,-34.589,18.439,15.117,10.233,3.6613,3.6073,5.9,7.6109,4.0101,4.5279,4.6921,8.383,0,6.25,0.72287,11.192,1.887,54.2,58.2,0.34666,3.4778
3.1076,3.9506,5.47,330.91,-11.643,11.777,6.0422,3.178,1.2312,6,7.6468,1.9901,3.9139,3.4833,6.9722,0,6.48,3.6823,4.8238,1.4304,54.4,59.1,4.6079,-3.8891
1.1644,2.9376,4.75,-358.97,-8.4931,10.646,7.6666,6.5941,9.1662,5.9,7.6971,2.9666,2.4863,6.877,3.7045,0,5.89,10.087,-10.919,2.4062,55,60.1,-3.0603,-2.7448
7.0651,3.2357,3.54,-693.84,35.643,11.861,11.231,5.2419,16.63,5.8,7.7857,1.9656,4.205,10.099,7.6524,0,6.03,14.787,25.525,4.5163,60,65.1,3.8644,7.8596
9.1565,2.5756,4.3,303.81,10.039,9.9093,7.0371,7.5659,7.5821,5.7,7.7147,2.9304,2.3116,6.5936,6.4931,0,6.14,-0.030801,22.099,4.2808,59.8,64,9.6844,1.9318
3.6692,3.1892,4.74,508.89,4.2683,13.223,10.115,6.1229,4.9728,5.6,7.7715,6.7553,3.5087,4.3361,8.3861,0,6.29,-24.112,5.6398,3.1078,62.3,66.4,0.99977,0.18989
6.588,4.1187,5.14,256.15,16.28,13.103,17.676,9.2853,13.803,5.4,7.7932,3.8096,3.2648,10.639,9.6746,0,6.37,-13.57,2.5007,5.0146,69.1,71.9,4.2378,3.2539
9.7285,6.239,6.54,290.58,4.0556,9.356,6.4916,7.2308,11.322,4.9,7.774,13.971,4.7991,7.2824,7.8607,0,6.6,9.1841,22.78,5.3213,70.4,70.5,7.3179,-0.18586
4.5098,8.2794,7.82,66.499,-27.426,6.5375,10.579,-0.16696,3.1809,4.9,7.6681,15.266,7.6181,5.1217,4.7375,0,6.81,18.033,16.697,3.6112,65.8,63.5,1.1947,-8.7609
-2.1797,7.817,10.56,39.695,-8.852,5.5743,9.6458,1.4288,3.4265,4.8,7.6089,13.854,7.21,6.0607,4.5269,52.569,7.21,-8.4679,-14.774,2.367,61.3,56.1,-5.7067,-4.0155
3.7136,9.9903,10,-143.82,-9.4421,5.121,13.071,-1.1784,5.8773,4.8,7.4037,7.5872,8.1255,8.9223,5.0897,23.902,6.75,-16.365,14,3.784,66,63.2,1.5015,-4.3919
-3.3367,11.731,9.32,-63.537,-27.522,7.3294,5.4168,-3.4961,-3.6762,5.1,7.369,21.143,11.701,4.8722,6.5363,341.03,7.05,-16.841,-23.521,1.8812,60.8,56.6,-5.6187,-9.8057
1.0498,10.574,11.25,289.56,-21.938,4.7822,8.5431,1.3925,0.38889,5.2,7.3232,10.167,11.18,9.5698,3.7517,0,7.54,20.13,-1.5996,1.4905,56.8,53.3,1.4759,-8.2796
-3.892,11.095,12.09,120.84,-71.044,4.2737,11.599,1.6503,-1.6985,5.6,7.0926,16.638,10.651,13.024,3.4207,0,7.96,-7.908,-21.288,0.57022,51.3,48,-3.4882,-20.424
-1.6033,12.103,9.35,-384.58,-35.875,6.059,9.1786,-5.9152,-16.153,6.6,6.9315,16.684,10.059,12.614,4.8575,39.524,7.67,-3.6526,2.4206,-2.2448,37.2,32.5,3.093,-11.483
-4.8619,8.4591,6.3,-704.86,49.858,7.5453,6.0953,3.341,-27.208,8.3,6.8835,2.1258,7.486,7.0331,2.4795,0,7.54,10.648,-70.255,-6.3274,32.2,36.6,5.5143,10.593
3.07,4.7879,5.42,-192.82,49.757,14.424,9.4921,6.6231,-5.4199,8.9,6.9763,4.9167,4.8918,4.3337,6.0607,0,8.05,-11.57,-12.089,-2.1891,41.3,48.2,6.7197,11.216
6.5564,7.9432,6.16,326.36,-5.8858,14.288,10.72,5.6659,9.8463,8.5,7.1309,11.016,7.43,8.5291,7.3787,0,8.3,-35.327,29.867,2.6878,51,59.7,4.0068,-3.3289
5.3567,7.3039,5.41,-347.82,6.1554,9.5673,10.243,4.2175,8.3591,8.3,7.2019,7.4014,6.652,8.351,2.6625,0,8.06,-16.303,11.012,3.5815,55,63.2,1.0428,-0.12416
8.9321,4.5554,4.83,-232.6,44.5,12.513,9.0793,7.9199,12.153,7.7,7.2738,-2.005,4.3867,8.1802,5.8233,21.049,7.75,-8.5579,36.844,5.351,59.6,64.7,5.7029,10.028
3.0112,3.5619,5.2,116.48,8.2723,11.835,6.6632,3.6669,5.1433,7.6,7.2793,2.005,3.3313,6.4258,6.8238,13.606,7.77,-40.638,15.527,2.7069,59.2,62.7,2.7131,1.2353
2.0286,6.3326,5.28,12.436,10.412,10.476,9.7647,4.2212,5.153,7.7,7.3505,2.6578,6.0093,10.227,4.0391,18.529,7.73,-9.2003,1.3921,1.9517,54.7,57,0.33206,1.1008
2.9911,5.7731,4.87,-117.8,-6.4564,14.235,9.3513,5.1845,7.2197,7.8,7.4331,6.5683,6.263,8.4537,7.0375,34.637,7.19,-26.611,2.9823,2.4164,53.9,57.2,2.6312,-3.1799
4.6272,7.2752,4.66,41.596,-3.366,13.372,7.7474,4.5563,7.9484,7.5,7.5197,9.0181,7.1049,9.0229,9.4948,0,7.35,14.735,18.117,4.1037,56.1,59.2,2.2787,-2.6177
7.7745,6.9195,5.16,319.4,-10.877,10.63,12.048,2.1997,12.305,7.1,7.5596,7.5712,6.7919,7.3667,7.7648,0,7.37,1.282,27.696,5.2868,57.8,61,0.73893,-4.4171
7.0147,5.5005,5.82,525.73,-4.3858,9.095,11.337,3.7887,4.4575,6.9,7.6054,4.969,5.9924,8.6646,6.254,17.813,7.36,3.7676,19.746,5.0591,55.5,58.2,5.0445,-2.5946
0.041987,5.8521,6.51,123.34,-16.719,8.1962,14.08,5.984,2.6533,6.7,7.6377,5.5173,5.686,9.877,7.7434,8.6312,7.6,17.89,-10.163,4.6775,57.1,59,-4.474,-5.6011
1.3894,6.8226,6.76,-323.71,-20.125,7.4099,9.0962,2.3124,-1.1632,6.3,7.5115,7.24,6.6121,8.2762,8.4315,0,8.01,24.02,7.7204,4.1437,56.1,57.8,-1.4161,-6.6844
15.257,8.998,7.28,341.72,28.885,7.3973,13.104,8.4446,15.56,6,7.6563,10.62,8.1558,6.0966,9.7724,0,8.32,-19.526,25.172,7.1821,59.5,62.6,7.7122,5.1822
3.8928,9.2005,8.1,82.321,23.183,7.383,11.482,1.6718,3.578,6,7.6104,8.0694,6.9834,9.3027,6.8043,0,8.49,20.535,11.489,4.1109,61,62.4,0.85942,4.0498
5.3292,9.1892,9.58,-84.423,-18.339,7.3963,11.574,3.1916,7.1726,5.9,7.6207,9.0272,7.4827,12.289,6.2404,0,8.82,10.854,9.1482,4.1144,60.3,60.2,1.4531,-6.4553
0.79424,9.9493,10.07,16.514,8.9526,5.8434,11.489,2.0233,1.7211,5.9,7.4182,13.17,7.429,8.1957,5.5898,17.575,9.11,6.1926,0.66875,3.4984,58.1,57.5,-2.2452,0.38088
0.48417,12.519,10.18,129.47,6.9414,9.3737,8.0227,-0.24105,-0.6691,5.7,7.5208,10.127,10.754,4.9613,10.951,52.267,9.11,12.81,-0.36185,2.9426,54.4,52.2,-0.73371,-0.95302
2.8622,12.682,10.95,-52.452,19.452,9.3529,12.644,3.9191,-1.2404,5.9,7.49,12.946,9.7764,7.3284,8.6553,147.73,9.1,27.782,-6.8007,2.2482,50.1,48.5,-0.0074938,2.4189
1.0345,12.466,13.58,162.52,-3.5569,5.9069,11.777,1.0731,1.4677,6,7.3576,15.982,9.5431,9.567,2.844,74.663,10.45,-12.967,-7.172,1.3182,47.3,46,-0.79514,-3.275
1.2921,15.479,15.05,22.888,18.53,6.9482,11.297,-0.61566,1.5681,6.3,7.1277,16.309,11.789,7.028,7.2805,60.113,11.99,16.803,-2.7639,1.3931,46.7,47.5,2.6344,1.6852
-8.1962,13.275,12.69,-158.01,-6.6964,5.9063,4.6365,-9.1064,-17.104,7.3,6.9641,9.7509,9.6518,7.4769,-2.2739,38.973,10.48,5.2687,-35.539,-1.9278,32.4,27.3,-4.516,-4.0871
-0.60682,7.436,9.84,-195.29,51.29,11.891,14.024,4.2875,-6.3829,7.7,7.2385,13.53,9.2266,10.682,13.654,-17.248,10.95,17.012,-27.284,-1.8083,43.5,48,0.26396,10.516
7.3436,11.062,15.85,304.48,30.248,8.4219,18.041,5.2757,14.987,7.4,7.3165,7.4686,9.7566,14.17,9.9919,-16.182,12.42,0.65449,35.694,3.0049,55.6,60.1,4.349,5.1228
8.2003,10.91,16.57,-125.4,-3.8405,6.7701,9.5241,2.0989,1.0638,7.4,7.2196,9.8877,10.244,9.001,5.4343,17.944,12.96,-12.928,35.481,1.7158,49.2,50,8.062,-3.521
-2.9335,8.2569,17.78,165.74,3.5696,10.691,7.5189,-0.079003,1.2933,7.4,7.075,10.477,6.6189,8.2905,10.276,-7.0834,13.75,-42.049,-16.955,1.0434,51.9,53.3,-3.45,-0.76233
4.563,10.988,17.58,-82.561,-21.943,7.0267,14.823,1.6066,3.6817,7.4,6.8711,2.0629,6.5029,7.1158,1.032,-14.543,14.85,-49.708,21.82,0.84853,45.8,45.7,5.0839,-7.1115
-4.6945,6.4506,13.59,-242.94,-11.555,10.187,5.284,-3.0115,-8.9342,8.2,6.7719,3.6867,6.0401,7.4862,4.8429,-7.4806,14.09,9.8902,-14.549,-1.7559,38,37.4,-5.401,-4.3987
-6.7475,3.5378,14.23,268.95,-27.48,8.9452,4.7733,2.6474,-8.2172,8.8,6.7799,3.2487,5.0009,7.8338,9.423,-48.518,14.29,-7.7393,-41.526,-2.7655,37.8,39.6,-2.6649,-8.1203
2.174,5.7388,14.51,-88.949,-0.10524,8.4631,6.3447,1.4741,-4.984,9.4,6.8544,1.2115,3.7999,3.3796,4.2271,42.633,13.93,-14.682,-0.5108,-2.1223,37.2,40.3,1.2829,-0.97627
-1.4427,6.8845,11.01,-239.33,-0.91324,6.6222,5.9314,3.0781,-5.6646,9.9,7.0202,4.8097,6.254,4.3037,4.4484,-2.7321,13.12,-12.658,-3.7945,-3.0547,38.5,40.4,0.14064,-1.7918
0.39,1.2272,9.29,-84.656,73.661,8.8957,6.3514,7.2349,-7.4919,10.7,7.157,3.9644,4.4213,2.8436,15.787,-8.5346,10.67,-18.041,-32.199,-2.4111,40.5,43.1,3.8008,17.31
5.205,0.27356,8.65,37.683,31.109,21.441,5.2261,3.8626,4.617,10.4,7.3963,-2.3739,3.4498,5.1614,11.486,-52.95,10.56,-29.002,13.693,0.81431,51.4,57.2,3.9538,6.9149
9.0252,4.598,8.8,254.88,38.81,10.157,6.8954,7.8472,8.7932,10.1,7.4146,0.79286,3.6722,2.7875,12.289,11.75,10.54,4.9964,33.992,3.0312,55.9,61.2,7.2009,8.7844
7.7563,3.8829,9.46,84.222,6.1416,6.2776,7.9842,6.9578,13.307,9.4,7.4967,2.3692,5.2313,2.7682,8.9553,13.181,11.63,-11.132,24.32,4.1224,63.1,68.4,1.5583,0.22757
8.1655,3.9762,9.43,-226.08,0.86972,7.2046,11.25,6.2554,10.177,8.5,7.4553,0.78663,2.6501,6.3855,6.8378,-22.55,11.69,-10.851,37.142,5.5503,66.8,71.2,3.514,-0.44509
7.8695,5.6298,9.69,-48.483,-13.224,8.5259,11.675,3.3721,11.724,7.9,7.5704,5.0757,4.2795,4.9467,6.7228,4.9177,11.94,-9.394,36.886,5.2467,60.2,63.2,2.0293,-4.3758
6.9647,3.7548,10.56,485.38,-11.693,8.5295,10.447,5.669,6.1451,7.4,7.5082,1.5489,3.8604,2.2284,6.9841,2.2322,13.2,-11.079,12.789,4.44,59.2,61,3.5145,-3.8884
3.9163,3.4632,11.39,414.2,11.993,5.2467,9.2201,3.0618,2.9115,7.4,7.4218,-0.38666,3.0894,2.6578,3.2623,-17.006,12.87,-29.52,8.5576,3.9455,53,51.8,2.029,2.2258
3.1776,3.4335,9.27,-170.8,11.571,8.7698,6.5122,5.2551,0.2858,7.3,7.3963,-0.38703,2.4805,5.6987,4.3331,-23.681,11.74,-25.981,-5.2238,3.5526,50.6,52.6,0.75911,2.2726
3.9563,3.6566,8.48,-469.08,27.847,11.844,7.5936,6.7376,1.1104,7.2,7.4466,0.38703,4.7581,5.6187,10.667,-5.5947,11.58,-34.285,-11.117,2.7681,49.3,50.9,1.3628,5.7723
3.646,3.6197,7.92,-41.024,16.894,7.0321,4.6394,3.7375,0.3492,7.3,7.4536,2.3144,3.3583,2.1402,9.4883,11.759,10.81,47.444,6.7583,2.8849,47.7,50.5,1.8919,3.3839
6.1756,2.4803,7.9,-42.939,7.9321,8.4029,5.3795,7.6103,-0.68478,7.2,7.439,-2.3144,3.1687,1.2786,13.857,-0.94882,10.34,36.724,-2.7347,2.3576,48.5,53,6.4646,1.1909
2.9895,4.0572,8.1,80.866,16.997,5.8659,7.2695,1.0263,2.3905,7,7.5093,4.6154,2.739,4.6537,11.311,19.687,9.76,16.771,14.478,2.3763,51.2,55.1,1.4575,3.5646
3.6888,2.0753,7.83,-225.62,44.196,5.8923,6.5933,3.3803,2.3481,7,7.5491,-6.9433,2.8521,2.9335,8.6455,-216.24,8.56,1.4558,-0.11812,1.6587,51.1,56.1,3.717,10.336
1.8323,-1.9543,6.92,25.038,36.433,10.448,4.5883,4.447,-2.3554,7.2,7.538,-7.8588,-0.48551,0,15.34,-80.002,7.6,18.68,-7.0458,1.3656,51.2,56.9,2.5294,9.2296
4.0063,2.4395,6.21,7.857,0.99655,9.8952,5.3584,7.1798,1.6035,7,7.4725,-0.79444,2.0283,0,16.604,-1.7279,7.31,-5.7925,-10.907,1.9714,51,55.6,2.2642,-0.25794
2.067,2.787,6.27,-31.903,3.9451,8.8001,4.4973,2.5507,4.4078,6.8,7.4454,3.5626,2.3752,2.9121,17.016,41.572,7.26,-15.86,1.1955,2.5883,51,55.6,-1.1371,0.3925
2.7883,4.7979,6.22,-150.46,55.078,6.2608,6.092,0.062775,5.2774,6.6,7.4736,3.5312,3.7304,2.4793,12.946,68.03,7.19,30.183,10.652,2.4211,54.2,58.9,-1.8075,12.837
4.4653,4.5076,6.65,209.35,19.552,3.4331,6.1847,5.5092,7.0358,6.3,7.3852,4.274,3.7835,0.82305,6.8841,24.161,8.34,25.217,0.2085,3.115,56.7,61.5,2.5243,3.9422
3.6116,4.2229,6.84,-86.593,33.642,2.4876,7.2574,4.6089,7.1364,6,7.3933,2.6962,3.7347,1.641,0.48338,20.553,8.88,-6.0124,0.058919,2.8489,58.9,62.9,0.61056,7.4768
6.5477,3.7143,6.92,15.116,-88.75,4.5325,9.4991,0.84064,9.7204,5.8,7.3291,0.38369,3.4951,4.0734,4.2713,-35.153,9.12,32.668,26.367,3.708,60.2,62,3.1886,-23.061
2.2437,3.1093,6.66,128.03,4.3254,6.9547,7.2803,7.045,3.5119,5.7,7.2619,1.1489,3.1039,2.8269,2.8575,-44.269,8.42,9.4504,-19.675,2.9334,56.1,58.4,1.3709,0.30536
5.2502,4.5646,7.16,394.14,7.3447,7.6703,7.065,2.9296,3.385,5.5,7.3072,3.0476,4.3937,3.2064,7.3665,13.344,8.91,9.7031,9.4187,3.2664,56.9,59.6,0.60273,0.73774
2.3012,4.846,7.98,38.061,5.2977,3.6859,8.5296,3.3959,1.722,5.5,7.3025,6.0265,4.898,1.5936,5.1945,-52.3,9.1,-33.112,2.2188,2.7939,56.2,59.5,1.1834,0.099927
5.2628,4.3461,8.47,-130.1,12.11,3.4912,7.8885,4.5589,2.7719,5.3,7.3467,3.3504,3.9824,5.1359,1.1226,-12.949,8.96,21.997,6.0632,3.2325,55.7,58.2,0.87074,2.0318
4.0145,4.5197,9.44,-131.46,22.155,2.195,11.39,1.8425,1.6795,5.2,7.3059,8.7996,4.4584,3.1281,-0.40785,90.737,9.21,-9.9952,13.309,3.0056,53.4,55.5,0.7724,4.4241
3.1328,6.4119,9.73,42.071,30.477,2.7534,4.8174,1.8775,-1.3521,5.2,7.2123,7.8997,5.284,1.1667,-4.2562,40.078,8.77,-28.14,-3.8578,1.8763,49.6,49.8,2.11,6.2982
2.9747,3.1164,9.08,-392.55,34.824,7.6025,4.8031,3.9508,-2.6398,5.2,7.2049,-1.0681,2.268,2.7093,1.8003,-22.342,8.11,-7.5642,-3.5675,1.0107,45.7,45.7,1.6023,8.1389
0.84476,4.0469,8.61,-226.48,3.7233,7.7287,6.2507,1.7648,1.6243,5.4,7.1982,4.6079,3.1122,3.4566,4.9475,21.831,7.91,-3.0578,-2.9359,1.885,47,49.7,0.40754,0.15278
4.3556,6.8249,8.25,492.81,-10.336,5.7001,8.1298,3.4217,2.7356,5.3,7.2626,10.779,5.6647,5.6954,4.6366,26.432,8.42,17.708,3.8949,2.6702,48.7,51.3,4.1598,-4.0001
1.5434,3.9389,8.24,-19.307,15.422,3.3066,6.2445,1.2492,3.0783,5.3,7.1,-1.3746,3.5771,4.8713,4.0382,-77.477,8.68,4.2494,0.14454,1.3685,49.6,52.5,3.7677,2.9613
0.10052,6.849,8.16,-201.93,-16.243,4.3051,5.0185,1.6104,1.553,5.7,7.0317,7.1644,4.9937,2.9685,4.3905,157,8.7,42.665,-7.8833,-0.50671,45.7,45.7,2.271,-5.3092
-3.424,6.7367,7.74,-348.22,-23.696,2.9629,1.7904,-3.0364,-6.304,6.1,6.9499,11.334,5.2118,4.046,3.371,73.595,8.4,16.896,-22.924,-1.4984,41.8,40.7,-3.6273,-7.2271
-1.8787,2.9792,6.43,24.104,42.765,4.8093,0.85206,-1.3814,-7.6732,6.6,6.7968,-2.3074,1.9813,1.4612,5.1239,-152.04,8.02,-7.7289,-13.533,-1.6988,39.8,39.9,1.0692,10.196
3.0916,2.3674,5.86,-64.595,28.896,4.5009,4.7256,3.3425,2.3866,6.8,6.9187,-2.6534,2.1214,4.3518,7.9418,-19.339,8.13,-44.083,0.026029,-1.7282,45.9,51.1,6.3619,6.6935
1.9153,3.0364,5.64,334.77,7.2127,1.505,4.0032,1.9376,5.3766,6.9,6.9489,-0.99958,2.7005,3.2331,7.6948,17.018,7.94,-4.8149,7.8765,0.0073858,52.8,58.8,2.579,1.1281
1.742,3.304,4.82,-511.66,1.6152,1.2261,6.1898,-0.11207,0.85874,7.1,6.9912,2.9913,2.8586,3.5619,9.8094,1.5118,7.35,20.636,13.944,0.033234,49.8,53.7,2.5746,-0.31087
4.6974,2.7033,4.02,-133.31,24.886,3.3967,8.9575,7.4468,-0.49742,7.4,7.1237,-0.33126,2.4543,0,16.165,-55.73,7.3,-1.4511,-7.4235,0.099687,51.5,57.1,8.2028,5.608
4.3855,3.0632,3.77,65.902,-1.8588,0.24741,7.4121,2.7341,6.9241,7.6,7.0501,2.3131,2.6471,3.8818,10.888,45.46,7.38,8.2449,22.062,1.036,54,59.9,2.8606,-1.1265
3.8693,3.0428,3.26,220.21,6.8282,0.41201,4.4674,4.3064,2.8511,7.6,7.0767,1.9721,2.5404,1.4023,10.559,9.0353,6.62,20.593,3.2109,0.95987,52.3,56.5,3.6247,1.0719
3.9877,3.4876,3.04,-317.14,6.2512,2.7905,5.3828,4.7281,4.1664,7.4,7.1131,2.2885,2.807,2.4422,16.004,-22.612,6.74,-75.09,12.064,1.5142,52.7,57.9,2.0591,0.86106
0.74389,2.9015,3.04,-82.064,17.601,-1.2053,2.4773,1.5194,3.5192,7.1,7.063,1.6267,2.3692,2.4274,7.536,-12.982,6.28,-25.935,9.2809,2.3425,54.8,60.3,-3.0839,3.808
2.3712,2.8778,3,85.277,2.4858,1.7657,4.9304,3.5756,0.93078,7.1,7.1436,2.9115,2.689,2.7563,10.988,-1.3136,5.99,14.781,2.2614,2.1552,50.3,53.3,-1.757,-0.050807
1.9453,1.8472,3.06,401.43,7.1631,1.8973,2.8559,4.386,1.8342,6.8,7.1694,-5.1907,1.7409,1.7131,11.646,-41.874,5.62,-7.8051,-2.7041,2.507,50.6,53.9,-0.076565,1.3556
5.3041,3.302,2.99,-323.2,9.3355,2.3619,5.4773,3.5313,5.887,6.6,7.2682,-0.65359,2.2915,5.0956,10.106,-31.435,5.61,-3.3207,20.447,2.7843,54.3,60.6,3.4602,1.761
3.9016,2.0036,3.21,-333.69,4.2337,1.1067,3.5712,4.5561,4.9862,6.6,7.2378,1.632,1.4161,3.0265,4.8533,-41.952,6.07,-0.98458,15.136,3.0415,56.5,62.8,1.7538,0.70439
5.4293,2.2649,3.94,479.77,-15.682,1.0462,7.3397,3.0934,7.2585,6.2,7.291,0,2.2221,1.3378,2.5272,72.96,7.08,4.3939,19.14,3.7179,58.1,63.1,-0.4712,-4.4761
2.3498,3.6892,4.49,306.31,8.7256,0.24105,4.4352,3.0885,5.0616,6,7.2821,2.5974,2.839,1.9983,2.7547,15.881,7.33,12.419,-6.6388,3.4992,58.5,63.3,-2.2063,1.4717
4.5156,2.3223,5.17,-209.46,-0.97273,-0.11477,7.2142,4.2805,8.1695,5.6,7.2944,0.64673,1.8815,4.2958,-0.17378,-18.591,7.84,8.443,16.119,3.1651,58.2,61.1,3.2991,-0.71356
1.3646,2.9272,5.81,-461.55,17.415,0.47034,6.1669,1.0568,4.4317,5.5,7.1884,3.5384,1.9096,2.2941,-0.73072,15.551,7.48,-0.63151,4.291,2.9518,54.9,56.1,-1.7686,3.8764
1.3957,3.2558,6.02,281.78,35.026,3.7316,4.2174,3.5724,1.3582,5.7,7.1601,1.9169,2.2471,1.3051,-0.76695,20.928,6.62,3.5821,-8.3753,1.5258,48,46.6,0.9667,8.1949
3.4091,2.012,5.8,221.92,29.656,6.9587,4.8964,3.6505,3.7711,5.7,7.2549,0.3186,1.6026,3.2441,-0.69851,-32.064,6.32,-5.7622,-2.3799,1.6969,48.6,49.5,0.38952,7.0134
2.8294,2.1738,5.72,-110.79,22.292,3.8437,4.7119,2.801,3.2122,5.6,7.2563,2.5397,1.7575,3.218,-4.005,6.7538,5.89,-3.4121,9.8318,1.842,46.3,47.3,3.6499,5.1336
2.6157,3.5419,5.36,-810.24,25.482,4.8898,7.23,3.6944,2.7507,5.5,7.2869,4.7189,2.2366,2.5559,-4.0455,34.044,5.91,-7.6786,6.074,1.6752,46.1,46.4,3.8337,5.8113
6.9239,3.4238,5.24,747.73,13.836,4.7444,7.9406,4.3199,8.0615,5.5,7.3106,4.0452,2.6356,4.7488,-0.96416,38.308,6.72,-1.6673,18.924,2.6705,50.7,54.5,5.269,2.8001
3.683,2.2952,5.31,229.77,0.75818,3.7597,4.5145,2.4022,5.1907,5.3,7.3139,1.8533,1.7031,2.8224,-5.5441,12.061,6.78,7.7447,18.011,2.4832,50.8,53.7,1.7018,-0.23623
4.2034,3.4611,5.28,-195.47,37.986,4.5712,5.3652,3.1319,5.3322,5.3,7.2563,4.2912,2.6988,3.7325,-7.2799,38.152,6.34,20.918,-0.12498,2.3686,52.9,57.2,0.31933,8.8219
3.0376,2.4279,5.28,-397.85,31.198,5.0731,7.2341,4.1979,7.4894,5.2,7.2675,0.60929,1.7554,2.7767,-2.2212,-31.658,6.56,-1.5337,8.5397,2.4928,53.6,57.7,-1.0093,7.3607
5.9902,0.91855,5.52,510.17,19.28,4.4526,4.6292,1.8088,6.2538,5,7.2971,-4.9005,0.98593,1.2279,-4.8178,-54.1,6.7,1.0367,21.502,2.8333,54.9,59.4,4.9824,4.5734
5.0617,1.995,5.53,203.23,48.627,6.1861,6.4181,6.7861,9.232,4.9,7.2848,-0.61681,1.0238,2.1399,1.6872,-2.4994,6.24,-2.6338,7.0978,2.3496,56,59,3.6814,11.901
3.093,2.1509,5.51,-264.2,9.1174,6.252,7.5042,4.7224,9.616,4.7,7.3343,1.5402,1.2422,6.9514,0.18703,2.7003,5.91,8.7181,5.6264,3.148,55.5,58.5,1.9019,1.9688
3.9379,0.82307,5.52,-353.09,29.068,7.2185,8.8199,4.1077,4.4182,4.6,7.3518,-4.017,-0.025107,1.1967,2.4978,-89.348,5.59,-3.5406,17.424,2.4424,53.2,55.5,2.453,7.2732
3.8606,1.3139,5.5,173.67,32.494,7.4186,6.8199,7.0027,2.8166,4.4,7.3601,0,0.71243,0.59702,0.37147,-33.424,5.6,1.875,-2.7117,2.5135,50.7,52.3,2.1625,7.9454
5.1989,2.0473,5.53,196.71,-8.9636,6.6484,5.6506,5.2292,2.8101,4.5,7.3969,0,1.2112,0,-0.18569,-14.538,5.2,-0.056445,10.543,2.2544,49.1,50.7,5.7208,-2.5437
6.5127,1.8711,4.86,-292.95,13.252,10.135,4.9578,5.8301,5.3258,4.4,7.4512,1.859,1.0182,4.7443,5.6435,-38.294,4.67,5.2952,11.127,2.4115,47.9,48.7,2.8089,3.0584
3.7186,1.4596,4.73,12.599,46.687,7.0323,4.5551,4.1601,4.0549,4.3,7.4437,1.5426,1.0405,2.0581,1.9365,6.3972,4.98,-10.286,11.233,2.3845,51.6,54.4,5.0318,11.412
3.3554,2.9852,4.75,49.518,21.363,5.7478,3.5686,6.1576,3.7898,4.3,7.3614,3.373,2.1322,4.0846,1.528,121.1,5.54,-6.5365,0.35427,2.5257,54.1,57.1,0.87162,4.8077
5.0602,2.9607,5.09,326.19,3.6981,5.8519,5.3888,4.7597,3.9203,4.2,7.4091,5.4588,2.1012,4.0434,-1.3458,83.085,5.88,-1.1387,9.892,2.3092,55.1,58.5,3.4159,0.39923
6.8626,2.9389,5.31,-67.152,9.4582,5.3757,8.7075,5.5302,7.2895,4.1,7.4116,4.4927,2.3691,4.0029,5.2123,48.89,6.14,7.0378,11.575,2.7407,57.7,61.6,6.237,1.7723
1.1448,3.9394,5.68,-95.034,13.143,6.2746,12.212,6.0552,4.6261,4,7.414,5.6193,3.3263,2.5523,0.17977,63.751,6.48,-5.8161,-3.6219,2.3444,55.8,58.4,-1.0957,2.4542
7.4849,3.1224,6.27,220.72,7.4209,6.6755,6.1135,3.7016,4.5404,3.9,7.3696,3.5088,1.8146,2.2551,-1.8013,-0.33339,6.18,-18.668,23.217,2.364,53.1,52.3,8.6428,1.4016
0.5103,3.6396,6.52,139.94,8.0452,4.6867,6.9215,3.9597,-0.63572,4,7.3159,3.4783,2.4739,3.0802,-2.4266,37.64,5.89,-15.097,-5.0484,0.77786,50.7,50.3,0.16977,1.3928
2.1239,2.8408,6.47,-231.3,-30.883,5.9074,3.5573,3.5353,-1.3244,3.9,7.3421,6.0152,2.2011,5.8153,-2.8802,4.4904,5.57,-8.2836,0.23801,0.80955,47,46.5,4.2654,-8.2711
-1.147,3.8089,5.59,-642.46,-28.191,10.337,7.1282,1.4246,-5.7259,4.2,7.3809,5.6458,2.6586,0,3.3159,-41.755,5.05,3.2317,-18.856,0.54281,42.5,39.9,-1.2912,-7.7125
2.118,2.7941,4.33,395.6,-12.469,9.9202,1.6356,1.0843,-5.4791,4.4,7.3963,1.3991,1.9011,3.2854,6.5504,-13.082,5.27,-10.299,-1.4382,-1.032,42.4,46.1,6.2196,-3.5925
-1.2187,1.1275,3.5,823.15,-26.992,8.8944,-0.32036,1.3393,-5.6539,4.8,7.3778,-5.3428,0.31125,4.339,15.544,-18.842,4.98,4.8957,-7.1727,-1.2104,45.3,51.6,2.2476,-6.8259
0.97859,-0.29961,2.13,-1050.1,-13.519,8.8653,1.1468,5.8545,-4.5882,5.5,7.3588,-7.4288,0.26862,4.5592,2.874,-106.09,4.77,1.0367,-20.119,-2.4043,43.4,46.5,5.1192,-3.4468
3.7429,1.2757,1.73,-224.92,5.9941,6.9519,1.8333,1.278,2.6808,5.7,7.4518,-1.1552,0.73424,2.9226,6.1571,22.99,5.08,-4.5649,14.025,-1.3712,50.2,59.9,7.6473,1.315
2.1796,3.1326,1.75,284.74,-22.549,3.1072,3.611,2.1147,6.2605,5.8,7.4331,2.0195,3.0776,2.3755,-0.57112,78.109,5.1,10.019,4.0001,-0.37646,53,61,1.262,-6.4067
1.9185,2.1473,1.74,337.33,-71.273,7.4175,1.4903,2.8271,2.3642,5.7,7.4366,1.1494,2.0201,2.8843,1.443,30.197,4.26,23.309,-0.054478,-0.24504,50.3,51.8,3.5117,-18.323
0.19287,2.3585,1.44,-167.8,-4.0224,8.124,3.042,1.6692,-0.15091,5.9,7.4559,3.9972,1.8205,5.9645,5.6875,-2.1235,4.01,5.5786,-0.71231,0.10416,49.7,53.6,-0.80873,-1.4607
2.0215,4.0936,1.25,-754.83,-11.8,6.552,2.473,1.9837,3.0278,5.9,7.4593,10.099,2.8185,2.0539,7.719,76.508,3.92,7.8131,3.3757,-0.55175,48.8,52.4,4.0274,-3.6546
3.7651,-0.65496,1.25,475.14,34.369,7.8815,5.2956,4.4698,-3.349,6.1,7.4697,-1.1096,0.35322,0.76751,10.045,-64.525,3.62,4.0807,2.1037,-0.73686,48,51.4,6.6733,8.5041
6.7027,2.9736,1.02,381.83,25.758,8.0869,5.3144,5.7742,1.9036,6.1,7.5443,4.1451,2.4365,3.0554,8.5016,15.881,4.23,-2.1221,13.9,0.1014,52.2,59.6,7.4451,5.8305
4.5106,1.5153,1,-422.89,21.814,-0.36436,5.782,2.9472,3.2131,5.8,7.6187,4.6464,1.6101,3.7867,2.282,12.73,4.29,23.238,13.872,0.92676,57.9,68.3,2.9459,5.0509
2.3839,3.3714,1,-45.764,27.865,3.1556,4.8396,4.0662,2.7368,5.7,7.559,4.0555,3.0432,1.5047,5.4364,49.027,4.02,29.971,0.22984,1.1906,60.4,67.2,1.4758,6.2055
3.0491,3.1307,1.01,258.65,-3.3584,8.4455,6.636,2.4594,1.8184,5.6,7.5689,6.4044,2.8011,1.9975,5.124,33.428,4.6,-7.4546,14.053,2.1761,60.8,64.2,2.9965,-1.5399
3.4962,2.5428,1.43,315.09,-6.9293,4.4816,5.5434,3.78,2.4928,5.4,7.5893,1.3214,2.3238,2.9777,4.9409,53.908,4.3,3.0014,6.1124,0.98965,58.6,60.9,1.4768,-2.3133
3.3585,4.2714,1.95,-267.28,20.737,5.3251,8.2959,4.1004,5.5778,5.4,7.5832,9.6453,3.1452,4.1808,5.4646,38.629,4.17,10.074,7.9909,1.7668,56.6,61.6,2.674,4.398
4.3521,2.0158,2.47,-409.6,9.9555,2.3115,1.4201,3.201,5.2866,5.3,7.6363,3.3344,2.0729,1.7089,-0.32111,11.428,4.3,5.2609,11.227,1.344,55.8,57.2,3.8859,1.9706
2.1761,2.6941,2.94,488.59,-3.3632,2.7886,6.1141,4.1571,2.0623,5.1,7.6261,3.5601,2.6426,1.7016,-0.76001,25.983,4.16,-7.2168,-5.1149,2.1902,51.8,53.6,-1.0108,-1.5015
3.2514,6.0124,3.46,307.31,14.032,5.7029,6.7708,2.9801,-1.473,5,7.6497,9.0116,4.3587,2.1772,2.1884,69.32,4.21,-15.986,4.1385,2.2318,54,58.6,3.1823,2.4184
2.207,3.7121,3.98,-263.56,2.0533,5.3333,6.7611,1.5005,3.1865,5,7.6348,9.7804,3.1194,3.3634,0.37811,-19.804,4.49,-7.9797,11.829,1.4019,56.3,60.9,0.5697,-0.26654
4.8249,2.0789,4.46,-221.26,16.928,5.2452,11.949,4.4598,3.7376,4.7,7.6592,-0.96735,1.8447,-0.23931,1.364,21.493,4.57,1.1421,5.2527,2.3591,55,59,2.7394,3.7707
1.2424,3.5934,4.91,282.63,-0.8922,4.2592,4.2534,2.1132,2.5351,4.6,7.5256,3.6156,3.0642,0.95637,-0.20286,42.964,5.07,16.343,-2.6204,1.5151,53.6,55.2,-0.16459,-0.98909
0.34986,3.7584,5.25,203.26,2.3479,5.7274,3.8591,2.4154,1.4451,4.6,7.4396,0.71921,2.8436,1.1923,-3.143,-0.49371,4.9,10.24,-4.1018,1.2929,53,55.3,-2.1671,-0.12394
3.1121,-1.6454,5.25,-264.63,29.988,6.6132,5.3782,3.8781,0.60084,4.4,7.3588,-4.8193,-0.68063,4.2629,0.17526,-63.564,4.63,9.1158,-9.583,1.0669,51,52.1,2.5679,7.6672
0.261,3.9031,5.26,-271.09,10.165,5.7461,7.7039,2.3257,3.708,4.5,7.2869,7.6833,3.7084,1.8801,-0.7015,-13.285,4.68,7.7889,-3.6974,1.582,50.7,52.5,0.084331,1.6141
3.0701,4.5048,5.25,90.887,19.939,6.7903,4.3131,1.3315,4.7327,4.5,7.28,10.097,3.158,3.9662,1.9553,44.497,4.85,6.3467,5.4464,1.0251,52.6,57.9,3.3295,4.1952
2.6856,2.5241,5.07,811.34,-2.0679,6.252,3.2884,1.5816,1.1309,4.7,7.1616,3.0032,2.2587,1.8529,-0.058228,60.083,4.73,7.0596,-2.4875,0.23195,51.4,55.8,4.4821,-1.0817
1.4575,4.8774,4.5,697.72,1.6856,4.2295,4.5181,0.57215,0.95447,4.8,7.0613,12.239,3.9834,2.9928,0.52375,74.031,4.26,4.3424,-8.042,0.70661,50.2,51.8,1.222,-0.57444
-2.6951,4.3094,3.18,1009.7,-40.814,7.6926,5.9329,-0.81079,-1.3823,5,6.9698,8.3935,3.4119,3.1982,2.0014,30.111,3.66,-12.915,-13.703,0.10126,48.7,46.7,-3.4734,-11.056
1.9775,5.1702,2.09,334.62,6.1626,6.8511,4.8501,0.75123,-5.6919,5.3,6.9187,11.632,4.1584,2.2689,3.4283,94.198,3.89,-1.5731,-7.1904,-1.3764,49.1,48.2,3.8277,0.50104
-1.9854,6.1198,1.94,119.73,-36.497,4.7464,-1.2263,-3.1615,-12.902,6,6.7593,10.684,4.0643,2.2561,10.028,-19.777,3.86,-16.602,-11.296,-2.0604,48,45.2,0.89268,-10.14
-8.6984,-9.2667,0.51,466.13,-126.76,12.663,-3.2292,-4.7308,-17.324,6.9,6.4968,-28.04,-5.7609,4.0291,27.381,-281.5,3.25,-74.868,-37.248,-4.7075,36.2,28,-2.4648,-30.249
-5.5983,-2.761,0.18,-51.698,-48.586,12.824,-10.992,-1.3225,-22.11,8.3,6.2653,-10.559,-2.2681,2.8849,11.714,-122.61,2.74,-35.443,-48.972,-6.7312,35.5,35,3.0479,-11.579
-0.42263,2.1208,0.18,-57.589,39.994,4.6412,1.9953,-1.7144,-11.587,9.3,6.2804,3.6261,1.7826,1.1041,12.538,130.57,3.31,30.79,-24.941,-5.6235,42.3,49.1,7.7693,9.5528
1.2696,3.4269,0.16,-166.02,43.743,1.0664,-1.391,2.4898,4.7962,9.6,6.3767,5.3782,2.5015,3.7312,8.7312,54.316,3.52,22.853,-3.5021,-2.9828,52.6,62.5,6.3994,10.31
3.806,3.1195,0.12,-172.99,35.705,2.1006,2.5695,0.048665,6.3604,9.9,6.3421,9.4588,2.7278,2.1787,5.3528,43.65,3.46,-1.5956,30.887,-1.5952,55.2,61.2,4.7596,8.2442
1.5765,0.57278,0.13,-254.77,12.61,0.39234,1.9697,2.083,8.1206,9.8,6.4265,7.3238,1.3609,1.518,2.4375,13.24,3.72,-18.386,12.79,-0.47457,57.2,60.1,1.4337,2.8124
3.8276,-0.038651,0.19,-169.67,3.8934,4.1503,5.8612,3.2104,8.3287,9.6,6.4003,0.21339,0.45786,1.2966,3.7105,-3.767,3.49,-18.037,20.152,1.9716,57.6,62.8,1.2964,0.8589
2.74,1.2313,0.19,-94.038,-13.747,3.4129,4.11,2.728,6.0406,9.5,6.363,1.9154,1.1817,1.937,8.3507,-8.9477,2.79,15.665,12.793,-0.052165,56.9,55.4,2.5765,-3.7322
2.769,3.0673,0.19,-94.931,37.698,5.0356,5.3361,4.1636,1.6964,9.6,6.2953,9.8563,2.1222,2.9947,15.073,44.016,2.86,7.3804,-3.5956,0.9318,57.6,58.4,1.5187,8.8938
-1.299,4.1357,0.16,-256.84,31.268,5.592,11.204,2.052,2.5858,9,6.3665,12.039,2.9508,3.3952,12.565,40.045,3.46,5.3787,-7.8001,1.0579,59.4,62.9,-2.8766,7.0792
3.1379,4.8437,0.09,-188.5,4.8229,7.6155,3.6244,1.4687,0.96222,9.1,6.3526,9.141,3.6418,-0.63442,12.099,34.919,3.21,7.1263,13.296,2.0072,56.2,56.8,1.3076,0.29528
1.3538,2.6088,0.08,-102.22,-29.282,17.21,4.089,2.0612,4.8316,9,6.4281,2.3506,2.268,-0.4235,30.634,-53.519,2.43,-5.3079,2.4954,1.3346,52.9,51.9,-0.37483,-7.8875
4.7518,1.5395,0.07,-56.648,0.12404,6.4438,0.58977,2.3669,4.6254,8.6,6.5103,1.9484,1.3409,2.3237,13.219,18.953,2.05,-9.43,27.674,1.6499,52.2,54,3.5717,-0.30422
3.6422,2.0774,0.1,-105.42,38.292,7.4128,7.3114,2.8702,5.2541,8.2,6.5709,1.7455,2.2477,1.2618,11.011,35.89,2.04,-0.076343,9.9534,2.3363,53,56.1,1.4763,9.011
1.1972,1.3738,0.15,-107.13,0.26682,5.7255,3.0353,1.8716,2.8841,8.2,6.608,-2.5237,1.0567,0.20992,8.0149,-38.377,1.82,2.7898,-1.6238,1.305,52.3,54.8,1.1779,-0.19747
2.747,1.6997,0.14,-261.73,14.91,7.6633,1.4565,1.6808,0.2794,8,6.6606,4.6467,1.6722,-0.20992,16.091,-5.2114,1.64,-0.32869,6.3181,1.2203,50.9,49.4,1.6865,3.3096
0.14528,2.3848,0.16,-421.29,4.8811,8.2925,10.701,1.6586,2.4723,7.8,6.7979,3.4499,1.6127,2.0942,12.165,-18.226,1.71,6.274,-2.4027,1.7509,50.6,51.2,-1.6294,0.8171
1.1392,1.1811,0.14,-337.35,26.158,6.6568,-4.2059,2.2309,4.0405,7.7,6.8638,0.76263,1.0753,1.4595,7.8447,27.156,1.95,-14.141,4.6156,1.8968,52.9,54.2,0.28533,6.2708
2.4496,0.3998,0.12,-81.956,24.47,4.6426,4.5781,1.796,1.1579,7.5,6.7673,-1.718,-0.116,0.41602,8.4392,-0.5515,2,-3.6019,8.7815,1.738,50.2,51,1.9311,6.1465
4.0527,2.1404,0.08,-79.809,15.944,5.934,3.9306,1.9519,2.4596,7.2,6.7822,2.8592,1.9005,0.83074,6.9745,NaN,2.71,4.0402,15.874,1.5782,55.8,60.7,3.1403,3.5109
2.5905,1.1291,0.09,-192.31,21.78,6.3966,2.2013,3.237,5.347,7,6.9157,0.75901,1.0565,3.3058,8.4133,NaN,2.75,16.927,2.452,1.8257,56.7,62.9,1.5067,5.1809
