,GDP,GDP Defl,Interest rates,Investment,Stock,Spread 1,Spread 2,Credit/Real Estate Ratio,US HOME MORTGAGES - FIXED 30YR - EFFECTIVE INTEREST RATE,CPI index,PCE index,employment,industrial production,1-year Treasury constant maturity rate,DJIA
DATE,ROUTPUT13Q3,P,TB3MS,GPDIC96,Real SP500,Baa-FedFud,Baa-10y,Credit/Real Estate Ratio,Mortgages rates,,,,IP,,
1985:Q1,8.964976774,3.990390465,8.52,7.023163051,1.300849936,5.11,2.04,-0.108844473,13.29,4.671,3.965,11.580,4.033,9.49,1.789
1985:Q2,8.973744239,3.996290622,6.95,7.040052035,1.299207803,4.87,2.15,-0.107615401,12.15,4.677,3.972,11.576,4.032,7.71,1.792
1985:Q3,8.988907856,4.002905214,7.10,7.033211026,1.312010705,4.56,2.17,-0.111214332,12.17,4.683,3.979,11.587,4.034,7.99,1.797
1985:Q4,8.996305213,4.00809653,7.10,7.069406332,1.308869738,3.31,2.58,-0.112572976,11.09,4.696,3.987,11.592,4.044,7.60,1.814
1986:Q1,9.005601412,4.013007962,6.56,7.069112784,1.334547066,3.02,3.11,-0.110039979,10.10,4.692,3.990,11.598,4.035,6.72,1.846
1986:Q2,9.010095142,4.016509139,6.21,7.051499715,1.359836526,3.42,2.99,-0.110318583,10.62,4.695,3.993,11.604,4.034,6.41,1.870
1986:Q3,9.019615607,4.021254021,5.21,7.024232574,1.358864703,4.31,2.75,-0.10432576,10.10,4.700,3.998,11.609,4.040,5.82,1.867
1986:Q4,9.024974185,4.027171463,5.53,7.027221342,1.364999307,3.06,2.74,-0.099859371,9.29,4.708,4.003,11.615,4.058,5.95,1.871
1987:Q1,9.032397216,4.032947767,5.59,7.053850169,1.391890091,3.48,2.1,-0.101834804,9.03,4.720,4.014,11.621,4.069,6.15,1.906
1987:Q2,9.043128093,4.039712367,5.67,7.054371071,1.402131931,3.79,2.14,-0.108642677,10.35,4.732,4.024,11.628,4.087,6.77,1.919
1987:Q3,9.051766591,4.047392707,6.40,7.05451615,1.424157506,4.09,1.68,-0.106631191,11.02,4.742,4.033,11.634,4.104,7.92,1.939
1987:Q4,9.068799849,4.054875818,5.77,7.120433055,1.363443828,4.52,2.46,-0.106859352,10.61,4.750,4.040,11.642,4.129,7.10,1.881
1988:Q1,9.073947747,4.062578659,5.70,7.071237145,1.365967009,3.99,2,-0.109387028,9.99,4.758,4.049,11.644,4.136,6.76,1.869
1988:Q2,9.086996906,4.072507868,6.46,7.094784073,1.366672369,3.49,2.18,-0.107557556,10.40,4.771,4.061,11.652,4.143,7.50,1.871
1988:Q3,9.092839796,4.084681357,7.24,7.100324152,1.372414419,2.71,2.03,-0.109423502,10.42,4.783,4.074,11.656,4.145,8.13,1.871
1988:Q4,9.106079252,4.093844437,8.07,7.115469203,1.375505185,1.89,1.51,-0.105478668,10.77,4.793,4.082,11.662,4.156,9.02,1.872
1989:Q1,9.116194514,4.103419923,8.82,7.14884719,1.387943103,0.82,1.37,-0.102960087,11.19,4.806,4.094,11.670,4.157,9.64,1.883
1989:Q2,9.123801611,4.114179869,8.15,7.139127284,1.394059209,0.5,1.93,-0.096015903,10.07,4.821,4.107,11.673,4.151,8.12,1.895
1989:Q3,9.13117811,4.121570548,7.75,7.130108118,1.418553897,0.89,1.6,-0.108967272,10.16,4.827,4.112,11.673,4.148,8.48,1.911
1989:Q4,9.133146104,4.12837555,7.63,7.122662606,1.412178667,1.37,1.89,-0.106235612,9.78,4.839,4.121,11.677,4.156,7.76,1.912
1990:Q1,9.144018929,4.139206386,7.90,7.132543876,1.400341114,1.93,1.56,-0.096549236,10.22,4.857,4.136,11.689,4.164,8.35,1.906
1990:Q2,9.147645484,4.150330993,7.73,7.132856114,1.397843683,1.93,1.79,-0.086505788,10.15,4.867,4.145,11.687,4.168,8.05,1.911
1990:Q3,9.148305381,4.158945581,7.36,7.113280536,1.4127023,2.44,1.82,-0.083669135,10.22,4.887,4.160,11.683,4.172,7.69,1.903
1990:Q4,9.139155815,4.166556691,6.74,7.055713108,1.372122864,3.12,2.35,-0.075373535,9.68,4.899,4.168,11.680,4.146,6.82,1.880
1991:Q1,9.134473932,4.176231722,5.91,7.021872939,1.398494753,3.97,2.04,-0.075141223,9.52,4.904,4.173,11.675,4.129,6.28,1.898
1991:Q2,9.142232823,4.183407999,5.57,7.02186937,1.416992778,4.06,1.72,-0.072514223,9.67,4.913,4.180,11.675,4.150,6.32,1.909
1991:Q3,9.147272769,4.191047711,5.22,7.041475529,1.422201783,4.06,2.04,-0.069533801,8.92,4.920,4.188,11.678,4.161,5.42,1.910
1991:Q4,9.150760205,4.19684098,4.07,7.076320145,1.423078608,4.83,2.55,-0.074254518,8.35,4.929,4.194,11.674,4.154,4.12,1.905
1992:Q1,9.162651102,4.200849423,4.04,7.05767416,1.431425165,5.27,1.71,-0.077457872,8.98,4.935,4.200,11.680,4.164,4.54,1.923
1992:Q2,9.17343777,4.206794886,3.66,7.112685979,1.43295744,5.29,1.91,-0.071642155,8.43,4.942,4.206,11.682,4.175,4.05,1.928
1992:Q3,9.183277452,4.211564476,2.91,7.120603616,1.43657509,5.4,2.25,-0.074303941,8.02,4.949,4.213,11.685,4.181,3.06,1.925
1992:Q4,9.193651891,4.218580805,3.22,7.150658319,1.431075327,5.89,2.11,-0.082329266,8.14,4.958,4.220,11.687,4.194,3.61,1.916
1993:Q1,9.195328252,4.224509879,2.95,7.173960619,1.440166628,5.08,2.12,-0.07616426,7.50,4.965,4.226,11.691,4.201,3.32,1.921
1993:Q2,9.201128069,4.23038946,3.07,7.179697375,1.438923416,5.03,2.27,-0.066297085,7.34,4.972,4.232,11.698,4.203,3.45,1.926
1993:Q3,9.205890486,4.235395529,2.95,7.172882646,1.441443503,4.25,1.94,-0.066368428,6.95,4.977,4.236,11.700,4.210,3.39,1.931
1993:Q4,9.219399216,4.241254808,3.06,7.224095505,1.449595759,4.73,1.86,-0.066872184,7.13,4.986,4.241,11.707,4.227,3.63,1.935
1994:Q1,9.229063986,4.246364402,3.50,7.261477869,1.45468784,4.79,1.36,-0.060990017,7.80,4.991,4.247,11.711,4.241,4.50,1.945
1994:Q2,9.242517104,4.251120365,4.14,7.309487428,1.437566392,4.4,1.31,-0.053906899,8.46,4.997,4.252,11.717,4.258,5.51,1.933
1994:Q3,9.248348812,4.256435067,4.62,7.293017,1.439570113,4.25,1.36,-0.052115317,8.82,5.006,4.258,11.726,4.269,5.96,1.935
1994:Q4,9.259739874,4.262003592,5.60,7.333334077,1.444794708,3.65,1.26,-0.034456954,9.18,5.011,4.263,11.734,4.294,7.20,1.935
1995:Q1,9.26327432,4.267681433,5.73,7.343780629,1.441913135,2.72,1.5,-0.031255352,8.38,5.019,4.268,11.736,4.296,6.49,1.939
1995:Q2,9.26625746,4.272574426,5.47,7.322791768,1.461321211,1.9,1.69,-0.014863027,7.53,5.027,4.273,11.732,4.302,5.65,1.959
1995:Q3,9.274732007,4.277041049,5.28,7.316813258,1.480371251,2.13,1.76,-0.012195793,7.62,5.031,4.278,11.737,4.315,5.65,1.975
1995:Q4,9.281497566,4.281750394,5.14,7.341344504,1.486684273,1.89,1.91,-0.010003463,7.11,5.036,4.282,11.737,4.320,5.18,1.985
1996:Q1,9.288957449,4.286341385,4.96,7.357275549,1.505999973,2.72,1.69,-0.00117207,7.69,5.047,4.289,11.743,4.328,5.41,2.003
1996:Q2,9.305495994,4.290418344,5.09,7.404207296,1.511127059,3.13,1.67,0.000355089,8.29,5.054,4.294,11.749,4.352,5.70,2.012
1996:Q3,9.314430081,4.295269771,5.09,7.448630846,1.504303663,3.05,1.63,0.010843683,8.16,5.061,4.299,11.756,4.364,5.71,2.011
1996:Q4,9.32475775,4.299487062,4.91,7.447311207,1.525433293,2.6,1.46,0.00726829,7.64,5.070,4.305,11.759,4.378,5.51,2.030
1997:Q1,9.331194243,4.303956979,5.14,7.467301922,1.5490769,2.79,1.26,0.011133406,7.97,5.074,4.310,11.767,4.399,6.02,2.050
1997:Q2,9.34767328,4.308931611,4.93,7.526693867,1.551726955,2.46,1.51,0.017919367,7.58,5.076,4.312,11.771,4.410,5.67,2.055
1997:Q3,9.360104301,4.311885783,4.95,7.54059763,1.591175637,2.16,1.58,0.019790243,7.28,5.083,4.315,11.775,4.436,5.47,2.080
1997:Q4,9.368659495,4.31545939,5.16,7.555407062,1.580019196,1.82,1.57,0.020761482,6.99,5.086,4.317,11.780,4.457,5.51,2.078
1998:Q1,9.378605262,4.316474266,5.03,7.598085997,1.595709327,1.83,1.65,0.016954002,7.08,5.088,4.317,11.782,4.464,5.41,2.084
1998:Q2,9.387816877,4.319073523,4.98,7.591890978,1.62388776,1.57,1.69,0.023025404,6.96,5.093,4.319,11.785,4.468,5.38,2.108
1998:Q3,9.400266276,4.322939892,4.61,7.617275192,1.624283977,1.58,2.65,0.015393123,6.64,5.097,4.322,11.790,4.482,4.41,2.096
1998:Q4,9.416297072,4.325628226,4.39,7.647671535,1.618691036,2.55,2.58,0.018533937,6.83,5.102,4.325,11.795,4.494,4.53,2.093
1999:Q1,9.425717845,4.328876354,4.44,7.674760543,1.652700027,2.72,2.28,0.022253341,6.98,5.105,4.327,11.798,4.505,4.72,2.112
1999:Q2,9.433379918,4.33323022,4.57,7.675384505,1.660844457,3.26,2.21,0.028623998,7.63,5.112,4.333,11.801,4.513,5.07,2.137
1999:Q3,9.446392251,4.336924661,4.68,7.702453579,1.658311341,2.98,2.3,0.024840559,7.76,5.123,4.341,11.803,4.519,5.22,2.145
1999:Q4,9.463244647,4.342024616,5.20,7.728897618,1.662218138,2.89,1.74,0.02298063,8.06,5.129,4.345,11.809,4.545,5.98,2.137
2000:Q1,9.466856802,4.348844652,5.69,7.72184007,1.664870351,2.52,2.34,0.016856899,8.23,5.142,4.356,11.826,4.552,6.28,2.137
2000:Q2,9.484997993,4.354668285,5.69,7.779355292,1.671997227,1.95,2.45,0.007845198,8.22,5.149,4.359,11.827,4.562,6.08,2.131
2000:Q3,9.486334405,4.360739156,6.00,7.769494361,1.666233571,1.83,2.55,-0.006982696,7.88,5.157,4.365,11.827,4.561,6.07,2.130
2000:Q4,9.49254497,4.366011575,5.77,7.771408234,1.663992394,1.62,2.9,-0.028304807,7.13,5.162,4.369,11.832,4.556,5.32,2.123
2001:Q1,9.489690329,4.372380258,4.42,7.724977658,1.6511943,2.53,2.91,-0.067580107,6.91,5.171,4.375,11.833,4.540,4.09,2.121
2001:Q2,9.495519314,4.379022126,3.49,7.726403634,1.62832398,4,2.55,-0.064877449,7.11,5.180,4.382,11.827,4.525,3.72,2.115
2001:Q3,9.491360302,4.382151627,2.64,7.704527971,1.620069832,4.96,3.43,-0.067990699,6.72,5.182,4.378,11.827,4.514,2.49,2.110
2001:Q4,9.494082192,4.385570348,1.69,7.653732073,1.588349078,6.23,2.98,-0.082618925,7.16,5.178,4.380,11.821,4.505,2.17,2.085
2002:Q1,9.50278608,4.388294451,1.79,7.6828082,1.602024214,6.38,2.69,-0.087809074,7.18,5.185,4.385,11.822,4.520,2.70,2.099
2002:Q2,9.508828844,4.392372927,1.70,7.699106176,1.589542643,6.2,3.09,-0.100344314,6.55,5.191,4.391,11.823,4.537,2.06,2.100
2002:Q3,9.513263212,4.396631956,1.63,7.697624824,1.550100669,5.65,3.77,-0.107047935,5.99,5.197,4.397,11.830,4.537,1.53,2.065
2002:Q4,9.514805812,4.402356084,1.19,7.697007324,1.541549266,6.21,3.62,-0.116526659,5.93,5.203,4.401,11.824,4.534,1.32,2.050
2003:Q1,9.520343955,4.407292254,1.13,7.704669957,1.531988203,5.7,3.12,-0.124892064,5.91,5.214,4.409,11.831,4.540,1.19,2.045
2003:Q2,9.528903188,4.410213137,0.92,7.711547637,1.546640868,4.97,2.65,-0.121550873,5.24,5.210,4.407,11.833,4.535,1.09,2.051
2003:Q3,9.545747756,4.415678989,0.94,7.747337306,1.562164486,5.78,2.83,-0.128398584,5.98,5.221,4.416,11.832,4.544,1.15,2.068
2003:Q4,9.557158901,4.42119927,0.90,7.780471064,1.573605967,5.62,2.33,-0.133999612,5.85,5.223,4.420,11.838,4.552,1.26,2.076
2004:Q1,9.562482056,4.428719363,0.94,7.782453303,1.587585332,5.11,2.25,-0.153226652,5.40,5.232,4.428,11.838,4.556,1.20,2.090
2004:Q2,9.570075628,4.436929033,1.27,7.821621073,1.579850426,5.75,2.16,-0.16514238,6.25,5.241,4.436,11.843,4.560,2.09,2.081
2004:Q3,9.579487217,4.44335689,1.65,7.837015542,1.576426907,4.66,2.13,-0.181854852,5.72,5.246,4.439,11.846,4.569,2.21,2.077
2004:Q4,9.58945466,4.451016173,2.19,7.857665296,1.579448109,3.99,1.91,-0.192419274,5.81,5.256,4.448,11.850,4.588,2.75,2.075
2005:Q1,9.600461697,4.458617237,2.74,7.885390562,1.586667668,3.43,1.56,-0.205159558,6.04,5.263,4.455,11.854,4.598,3.35,2.081
2005:Q2,9.60506804,4.465643716,2.97,7.871995059,1.579493211,2.82,1.92,-0.212675056,5.53,5.266,4.458,11.862,4.605,3.45,2.071
2005:Q3,9.613943748,4.474993161,3.42,7.885125306,1.590653073,2.41,1.69,-0.223282943,5.91,5.292,4.476,11.866,4.586,4.01,2.069
2005:Q4,9.620235652,4.482878251,3.89,7.917115865,1.58288886,2.16,1.93,-0.233856602,6.22,5.289,4.476,11.869,4.615,4.38,2.067
2006:Q1,9.633448915,4.489770558,4.51,7.93185341,1.593551739,1.82,1.55,-0.206621205,6.35,5.297,4.483,11.876,4.618,4.82,2.071
2006:Q2,9.635784562,4.498085963,4.79,7.925384529,1.595845325,1.79,1.63,-0.199064131,6.78,5.307,4.492,11.880,4.625,5.21,2.074
2006:Q3,9.637332111,4.505405098,4.81,7.921518941,1.587427255,1.18,1.79,-0.190491219,6.31,5.312,4.496,11.883,4.626,4.91,2.068
2006:Q4,9.645810785,4.509154758,4.85,7.901927739,1.603038078,0.98,1.51,-0.170638534,6.18,5.314,4.497,11.891,4.635,5.00,2.082
2007:Q1,9.648162951,4.519361722,4.94,7.895023631,1.608894324,1.01,1.62,-0.145721717,6.16,5.324,4.508,11.894,4.642,4.90,2.087
2007:Q2,9.653878099,4.525466587,4.61,7.905992751,1.613402131,1.45,1.67,-0.118151201,6.67,5.334,4.515,11.892,4.650,4.91,2.092
2007:Q3,9.65929272,4.529638123,3.89,7.89584784,1.607843676,1.65,2,-0.089984892,6.42,5.340,4.521,11.893,4.655,4.05,2.099
2007:Q4,9.665357259,4.534211097,3.00,7.883467462,1.620041496,2.41,2.61,-0.054982554,6.17,5.354,4.531,11.893,4.657,3.34,2.098
2008:Q1,9.659592674,4.538699132,1.26,7.856804736,1.592699874,4.28,3.44,-0.007311061,5.85,5.363,4.539,11.892,4.649,1.55,2.082
2008:Q2,9.664741665,4.542603054,1.86,7.838502215,1.592452327,5.07,3.08,0.025426197,6.45,5.382,4.553,11.890,4.633,2.36,2.077
2008:Q3,9.659311868,4.550228138,1.13,7.81824884,1.570186716,5.5,3.46,0.055245639,6.09,5.389,4.557,11.885,4.568,1.78,2.057
2008:Q4,9.6374365,4.552781555,0.03,7.717102465,1.510287807,8.27,6.18,0.070277094,5.10,5.354,4.534,11.873,4.535,0.37,2.014
2009:Q1,9.626145174,4.553445219,0.21,7.594303232,1.475026307,8.24,5.71,0.090924072,4.85,5.359,4.536,11.854,4.489,0.57,1.980
2009:Q2,9.624705755,4.552359952,0.18,7.534915957,1.487517417,7.29,3.97,0.119581425,5.42,5.370,4.544,11.849,4.467,0.56,1.972
2009:Q3,9.628339928,4.552950147,0.12,7.532630578,1.514435946,6.16,3,0.134067334,5.04,5.375,4.549,11.841,4.496,0.40,1.997
2009:Q4,9.639268068,4.556704469,0.05,7.621065806,1.523756967,6.25,2.52,0.135181552,5.14,5.381,4.556,11.835,4.507,0.47,2.019
2010:Q1,9.643102827,4.559032002,0.15,7.64356484,1.53081273,6.11,2.43,0.135314886,4.99,5.382,4.559,11.840,4.528,0.41,2.028
2010:Q2,9.652285261,4.563431104,0.12,7.694714245,1.551228239,6.05,3.26,0.129015895,4.69,5.381,4.559,11.843,4.548,0.32,2.033
2010:Q3,9.65963096,4.566959363,0.15,7.738345193,1.533737962,5.47,3.13,0.132937663,4.32,5.386,4.562,11.845,4.558,0.27,2.022
2010:Q4,9.664633739,4.572450694,0.14,7.735154467,1.547535248,5.92,2.8,0.142161078,4.86,5.396,4.569,11.844,4.565,0.29,2.034
2011:Q1,9.662230946,4.577552299,0.10,7.716122658,1.564020408,5.89,2.56,0.158534818,4.86,5.407,4.579,11.847,4.569,0.30,2.048
2011:Q2,9.669352566,4.584712344,0.04,7.756219744,1.574338875,5.66,2.57,0.164212017,4.51,5.415,4.586,11.845,4.571,0.19,2.055
2011:Q3,9.669074488,4.590249423,0.01,7.75952285,1.560735097,5.19,3.35,0.169265852,4.01,5.423,4.592,11.851,4.581,0.13,2.045
2011:Q4,9.680600218,4.591841756,0.01,7.833770178,1.553523778,5.18,3.36,0.172604219,3.95,5.426,4.595,11.856,4.593,0.12,2.036
2012:Q1,9.688398973,4.59798443,0.08,7.854442132,1.561471234,5.1,3,0.186364223,3.99,5.433,4.603,11.864,4.597,0.19,2.051
2012:Q2,9.692692444,4.60205534,0.09,7.877205663,1.573804096,4.86,3.35,0.179307407,3.66,5.432,4.602,11.866,4.606,0.21,2.057
2012:Q3,9.694043483,4.608155725,0.11,7.88173324,1.568815451,4.7,3.19,0.171189754,3.40,5.442,4.609,11.871,4.604,0.17,2.053
2012:Q4,9.695177193,4.612423815,0.07,7.872799984,1.572465154,4.47,2.85,0.166754495,3.35,5.443,4.611,11.873,4.615,0.16,2.057
2013:Q1,9.703999491,4.616337598,0.09,7.909407962,1.583930862,4.71,2.98,0.150129449,3.57,5.448,4.615,11.873,4.623,0.14,2.061
2013:Q2,9.705231717,4.619378764,0.05,7.920532589,1.596803246,5.1,2.67,0.127042573,4.46,5.449,4.617,11.878,4.625,0.15,2.078
2013:Q3,9.713035029,4.624825744,0.02,7.958489837,1.607009856,5.39,2.83,0.104160668,4.32,5.453,4.621,11.880,4.632,0.10,2.082
2013:Q4,9.720981979,4.630360236,0.07,7.962111559,1.613768648,5.29,2.34,0.100241633,4.48,5.458,4.626,11.883,4.636,0.13,2.083
2014:Q1,9.718151457,4.634340563,0.05,7.95095598,1.615304923,4.98,2.33,0.096091896,4.40,5.464,4.630,11.889,4.650,0.13,2.090
2014:Q2,9.731601357,4.639948353,0.04,7.992291632,1.625311074,4.7,2.27,0.088538551,4.14,5.469,4.634,11.893,4.658,0.11,2.091
2014:Q3,9.74373538,4.644487048,0.02,8.012542464,1.628849768,4.71,2.28,0.072334232,4.20,5.470,4.636,11.897,4.662,0.13,2.095
2014:Q4,9.749345206,4.645140618,0.03,8.013626822,1.638263916,4.62,2.57,0.06453152,3.87,5.465,4.633,11.902,4.668,0.25,2.099
2015:Q1,9.758796984,4.644909995,0.03,8.047916978,1.636035161,4.43,2.6,0.060727634,3.69,5.464,4.632,11.906,4.655,0.26,2.106
2015:Q2,9.765534972,4.650592781,0.02,8.050922745,1.643589394,5,2.78,0.054048521,4.02,5.471,4.637,11.910,4.642,0.28,2.107
2015:Q3,9.76915584,4.653198155,0.02,8.048901376,1.644423509,5.2,3.28,0.042532693,3.86,5.470,4.637,11.911,4.642,0.33,2.102
2015:Q4,9.77076155,4.653341111,0.23,8.036802038,1.641936043,5.22,3.19,0.037262514,4.01,5.471,4.637,11.919,4.626,0.65,2.093
2016:Q1,9.776409577,4.653026581,0.29,8.03068938,1.626654083,4.77,3.35,0.040012414,3.71,5.473,4.639,11.926,4.619,0.59,2.091
2016:Q2,9.779521693,4.659611022,0.27,8.02192164,1.638320402,4.15,3.04,0.028564765,3.48,5.482,4.646,11.927,4.624,0.45,2.097
2016:Q3,9.784951734,4.662882335,0.29,8.022269788,1.647893396,3.91,2.71,0.014237681,3.42,5.486,4.649,11.930,4.625,0.59,2.103
2016:Q4,9.791225498,4.668201322,0.51,8.048822149,1.641586731,4.29,2.38,0.00188396,4.32,5.492,4.654,11.933,4.634,0.85,2.102
2017:Q1,9.79686513,4.673118512,0.74,8.045707825,1.655078821,3.89,2.28,0.004572534,4.14,5.496,4.658,11.939,4.638,1.03,2.118
2017:Q2,9.801128085,4.676262186,0.98,8.05487674,1.663384242,3.33,2.06,-0.002276962,3.88,5.498,4.661,11.941,4.650,1.24,2.126
2017:Q3,9.808385351,4.681834887,1.03,8.073244602,1.669183982,3.15,1.97,-0.016313073,3.83,5.508,4.667,11.946,4.645,1.31,2.131
2017:Q4,9.817896984,4.688012049,1.32,8.088473376,1.675931719,2.92,1.82,-0.017789547,3.99,5.512,4.672,11.944,4.668,1.76,2.140
2018:Q1,9.827173302,4.694023199,1.70,8.114465034,1.692201374,3.13,1.9,-0.017507542,4.44,5.520,4.679,11.953,4.675,2.09,2.157
2018:Q2,9.833837322,4.701979242,1.90,8.111706083,1.675816582,3.01,1.98,-0.016903853,4.55,5.526,4.685,11.956,4.684,2.33,2.149
2018:Q3,9.839077023,4.706561836,2.13,8.136052238,1.688048994,2.93,1.83,-0.019700631,4.72,5.530,4.688,11.957,4.698,2.59,2.152
2018:Q4,9.842351237,4.710961609,2.37,8.145635765,1.678531415,2.86,2.44,-0.023847906,4.55,5.531,4.691,11.962,4.705,2.63,2.156
2019:Q1,9.849575042,4.713997685,2.40,8.155164226,1.676255796,2.43,2.43,-0.03594508,4.06,5.538,4.694,11.963,4.698,2.40,2.143
2019:Q2,9.853277881,4.720113638,2.17,8.140300671,1.69283,2.08,2.46,-0.041640446,3.73,5.543,4.699,11.965,4.694,1.92,2.153
2019:Q3,9.85962448,4.723859478,1.89,8.144883226,1.693485167,1.87,2.23,-0.035799516,3.64,5.547,4.702,11.972,4.696,1.75,2.157
2019:Q4,9.86547411,4.727290469,1.54,8.135438653,1.697194822,2.33,1.96,-0.040678536,3.74,5.554,4.707,11.975,4.697,1.59,2.161
,,,,,,,,,,,,,,,
,,,,,,,,,,,,,,,
,,,,,,,,,,,,,,,
,,,,,,,,,,,,,,,
,,,,,,,,,,,,,,,
