DATE,INDPRO,CPIAUCSL,SP_GSCI,BOGNONBR,TOTRESNS,FEDFUNDS
1/1/1919,4.8654,,,,,
2/1/1919,4.6504,,,,,
3/1/1919,4.516,,,,,
4/1/1919,4.5966,,,,,
5/1/1919,4.6235,,,,,
6/1/1919,4.9192,,,,,
7/1/1919,5.2149,,,,,
8/1/1919,5.2955,,,,,
9/1/1919,5.188,,,,,
10/1/1919,5.1342,,,,,
11/1/1919,5.0536,,,,,
12/1/1919,5.1342,,,,,
1/1/1920,5.6181,,,,,
2/1/1920,5.6181,,,,,
3/1/1920,5.5106,,,,,
4/1/1920,5.2149,,,,,
5/1/1920,5.3493,,,,,
6/1/1920,5.403,,,,,
7/1/1920,5.2686,,,,,
8/1/1920,5.2955,,,,,
9/1/1920,5.1073,,,,,
10/1/1920,4.8923,,,,,
11/1/1920,4.4891,,,,,
12/1/1920,4.2203,,,,,
1/1/1921,3.9784,,,,,
2/1/1921,3.8977,,,,,
3/1/1921,3.7902,,,,,
4/1/1921,3.7902,,,,,
5/1/1921,3.8977,,,,,
6/1/1921,3.8708,,,,,
7/1/1921,3.8439,,,,,
8/1/1921,3.9784,,,,,
9/1/1921,4.0052,,,,,
10/1/1921,4.2472,,,,,
11/1/1921,4.1934,,,,,
12/1/1921,4.1665,,,,,
1/1/1922,4.3278,,,,,
2/1/1922,4.516,,,,,
3/1/1922,4.7579,,,,,
4/1/1922,4.5966,,,,,
5/1/1922,4.8385,,,,,
6/1/1922,5.0805,,,,,
7/1/1922,5.0805,,,,,
8/1/1922,4.9729,,,,,
9/1/1922,5.2417,,,,,
10/1/1922,5.5374,,,,,
11/1/1922,5.7794,,,,,
12/1/1922,5.9406,,,,,
1/1/1923,5.8062,,,,,
2/1/1923,5.8869,,,,,
3/1/1923,6.0751,,,,,
4/1/1923,6.2095,,,,,
5/1/1923,6.2901,,,,,
6/1/1923,6.2363,,,,,
7/1/1923,6.1826,,,,,
8/1/1923,6.0751,,,,,
9/1/1923,5.9406,,,,,
10/1/1923,5.9138,,,,,
11/1/1923,5.9138,,,,,
12/1/1923,5.7794,,,,,
1/1/1924,5.9138,,,,,
2/1/1924,6.0213,,,,,
3/1/1924,5.9138,,,,,
4/1/1924,5.7256,,,,,
5/1/1924,5.4837,,,,,
6/1/1924,5.2417,,,,,
7/1/1924,5.1611,,,,,
8/1/1924,5.3493,,,,,
9/1/1924,5.5374,,,,,
10/1/1924,5.6718,,,,,
11/1/1924,5.7794,,,,,
12/1/1924,5.9406,,,,,
1/1/1925,6.1288,,,,,
2/1/1925,6.1288,,,,,
3/1/1925,6.1288,,,,,
4/1/1925,6.1826,,,,,
5/1/1925,6.1557,,,,,
6/1/1925,6.1019,,,,,
7/1/1925,6.2632,,,,,
8/1/1925,6.1557,,,,,
9/1/1925,6.0751,,,,,
10/1/1925,6.317,,,,,
11/1/1925,6.4514,,,,,
12/1/1925,6.532,,,,,
1/1/1926,6.4245,,,,,
2/1/1926,6.4245,,,,,
3/1/1926,6.5051,,,,,
4/1/1926,6.5051,,,,,
5/1/1926,6.4514,,,,,
6/1/1926,6.532,,,,,
7/1/1926,6.5589,,,,,
8/1/1926,6.6396,,,,,
9/1/1926,6.7471,,,,,
10/1/1926,6.7471,,,,,
11/1/1926,6.7202,,,,,
12/1/1926,6.6933,,,,,
1/1/1927,6.6664,,,,,
2/1/1927,6.7202,,,,,
3/1/1927,6.8008,,,,,
4/1/1927,6.6396,,,,,
5/1/1927,6.6933,,,,,
6/1/1927,6.6664,,,,,
7/1/1927,6.5858,,,,,
8/1/1927,6.5858,,,,,
9/1/1927,6.4783,,,,,
10/1/1927,6.3439,,,,,
11/1/1927,6.3439,,,,,
12/1/1927,6.3707,,,,,
1/1/1928,6.5051,,,,,
2/1/1928,6.5589,,,,,
3/1/1928,6.6127,,,,,
4/1/1928,6.5858,,,,,
5/1/1928,6.6664,,,,,
6/1/1928,6.7202,,,,,
7/1/1928,6.8008,,,,,
8/1/1928,6.9352,,,,,
9/1/1928,6.989,,,,,
10/1/1928,7.1234,,,,,
11/1/1928,7.2578,,,,,
12/1/1928,7.3922,,,,,
1/1/1929,7.4997,,,,,
2/1/1929,7.4728,,,,,
3/1/1929,7.4997,,,,,
4/1/1929,7.6341,,,,,
5/1/1929,7.7685,,,,,
6/1/1929,7.8223,,,,,
7/1/1929,7.9298,,,,,
8/1/1929,7.8492,,,,,
9/1/1929,7.7954,,,,,
10/1/1929,7.661,,,,,
11/1/1929,7.2847,,,,,
12/1/1929,6.9621,,,,,
1/1/1930,6.9621,,,,,
2/1/1930,6.9352,,,,,
3/1/1930,6.8277,,,,,
4/1/1930,6.774,,,,,
5/1/1930,6.6664,,,,,
6/1/1930,6.4783,,,,,
7/1/1930,6.1826,,,,,
8/1/1930,6.0482,,,,,
9/1/1930,5.9406,,,,,
10/1/1930,5.7794,,,,,
11/1/1930,5.645,,,,,
12/1/1930,5.5106,,,,,
1/1/1931,5.4837,,,,,
2/1/1931,5.5106,,,,,
3/1/1931,5.6181,,,,,
4/1/1931,5.645,,,,,
5/1/1931,5.5643,,,,,
6/1/1931,5.4299,,,,,
7/1/1931,5.3493,,,,,
8/1/1931,5.1611,,,,,
9/1/1931,4.9192,,,,,
10/1/1931,4.731,,,,,
11/1/1931,4.6772,,,,,
12/1/1931,4.6504,,,,,
1/1/1932,4.516,,,,,
2/1/1932,4.4084,,,,,
3/1/1932,4.3547,,,,,
4/1/1932,4.059,,,,,
5/1/1932,3.9246,,,,,
6/1/1932,3.7902,,,,,
7/1/1932,3.6827,,,,,
8/1/1932,3.7902,,,,,
9/1/1932,4.0321,,,,,
10/1/1932,4.1665,,,,,
11/1/1932,4.1665,,,,,
12/1/1932,4.0859,,,,,
1/1/1933,4.0052,,,,,
2/1/1933,4.0321,,,,,
3/1/1933,3.7902,,,,,
4/1/1933,4.059,,,,,
5/1/1933,4.731,,,,,
6/1/1933,5.4568,,,,,
7/1/1933,5.9675,,,,,
8/1/1933,5.7256,,,,,
9/1/1933,5.403,,,,,
10/1/1933,5.1342,,,,,
11/1/1933,4.8385,,,,,
12/1/1933,4.8654,,,,,
1/1/1934,5.0267,,,,,
2/1/1934,5.2686,,,,,
3/1/1934,5.5106,,,,,
4/1/1934,5.5106,,,,,
5/1/1934,5.6181,,,,,
6/1/1934,5.5106,,,,,
7/1/1934,5.1342,,,,,
8/1/1934,5.0805,,,,,
9/1/1934,4.7848,,,,,
10/1/1934,4.9998,,,,,
11/1/1934,5.0536,,,,,
12/1/1934,5.3761,,,,,
1/1/1935,5.8062,,,,,
2/1/1935,5.9138,,,,,
3/1/1935,5.8869,,,,,
4/1/1935,5.7794,,,,,
5/1/1935,5.7794,,,,,
6/1/1935,5.86,,,,,
7/1/1935,5.86,,,,,
8/1/1935,6.075,,,,,
9/1/1935,6.2363,,,,,
10/1/1935,6.4245,,,,,
11/1/1935,6.5589,,,,,
12/1/1935,6.6395,,,,,
1/1/1936,6.532,,,,,
2/1/1936,6.3707,,,,,
3/1/1936,6.4514,,,,,
4/1/1936,6.8546,,,,,
5/1/1936,6.989,,,,,
6/1/1936,7.1234,,,,,
7/1/1936,7.2578,,,,,
8/1/1936,7.3653,,,,,
9/1/1936,7.4997,,,,,
10/1/1936,7.6073,,,,,
11/1/1936,7.8223,,,,,
12/1/1936,8.0642,,,,,
1/1/1937,8.0373,,,,,
2/1/1937,8.1449,,,,,
3/1/1937,8.333,,,,,
4/1/1937,8.333,,,,,
5/1/1937,8.3599,,,,,
6/1/1937,8.2524,,,,,
7/1/1937,8.3062,,,,,
8/1/1937,8.2524,,,,,
9/1/1937,7.9836,,,,,
10/1/1937,7.3922,,,,,
11/1/1937,6.6664,,,,,
12/1/1937,6.075,,,,,
1/1/1938,5.9406,,,,,
2/1/1938,5.8869,,,,,
3/1/1938,5.8869,,,,,
4/1/1938,5.7794,,,,,
5/1/1938,5.645,,,,,
6/1/1938,5.6987,,,,,
7/1/1938,6.0213,,,,,
8/1/1938,6.3439,,,,,
9/1/1938,6.532,,,,,
10/1/1938,6.6933,,,,,
11/1/1938,6.9621,,,,,
12/1/1938,7.0428,,,,,
1/1/1939,7.0428,,,,,
2/1/1939,7.0965,,,,,
3/1/1939,7.1234,,,,,
4/1/1939,7.0965,,,,,
5/1/1939,7.0696,,,,,
6/1/1939,7.2309,,,,,
7/1/1939,7.446,,,,,
8/1/1939,7.5535,,,,,
9/1/1939,8.0105,,,,,
10/1/1939,8.4137,,,,,
11/1/1939,8.6287,,,,,
12/1/1939,8.6287,,,,,
1/1/1940,8.5212,,,,,
2/1/1940,8.2524,,,,,
3/1/1940,8.0642,,,,,
4/1/1940,8.2255,,,,,
5/1/1940,8.4674,,,,,
6/1/1940,8.7362,,,,,
7/1/1940,8.8438,,,,,
8/1/1940,8.8975,,,,,
9/1/1940,9.0857,,,,,
10/1/1940,9.2201,,,,,
11/1/1940,9.4351,,,,,
12/1/1940,9.7577,,,,,
1/1/1941,9.9996,,,,,
2/1/1941,10.2953,,,,,
3/1/1941,10.6179,,,,,
4/1/1941,10.6448,,,,,
5/1/1941,11.1286,,,,,
6/1/1941,11.2093,,,,,
7/1/1941,11.3437,,,,,
8/1/1941,11.4781,,,,,
9/1/1941,11.4781,,,,,
10/1/1941,11.5856,,,,,
11/1/1941,11.6394,,,,,
12/1/1941,11.8275,,,,,
1/1/1942,12.0695,,,,,
2/1/1942,12.2845,,,,,
3/1/1942,12.4189,,,,,
4/1/1942,12.0695,,,,,
5/1/1942,12.0963,,,,,
6/1/1942,12.1232,,,,,
7/1/1942,12.4189,,,,,
8/1/1942,12.7952,,,,,
9/1/1942,13.0909,,,,,
10/1/1942,13.521,,,,,
11/1/1942,13.8436,,,,,
12/1/1942,14.1662,,,,,
1/1/1943,14.3006,,,,,
2/1/1943,14.6769,,,,,
3/1/1943,14.7844,,,,,
4/1/1943,14.9726,,,,,
5/1/1943,15.0801,,,,,
6/1/1943,14.9995,,,,,
7/1/1943,15.4564,,,,,
8/1/1943,15.779,,,,,
9/1/1943,16.1822,,,,,
10/1/1943,16.4241,,,,,
11/1/1943,16.6392,,,,,
12/1/1943,16.4241,,,,,
1/1/1944,16.6123,,,,,
2/1/1944,16.7467,,,,,
3/1/1944,16.7198,,,,,
4/1/1944,16.7198,,,,,
5/1/1944,16.6123,,,,,
6/1/1944,16.5585,,,,,
7/1/1944,16.5317,,,,,
8/1/1944,16.7467,,,,,
9/1/1944,16.6392,,,,,
10/1/1944,16.693,,,,,
11/1/1944,16.5585,,,,,
12/1/1944,16.5048,,,,,
1/1/1945,16.3435,,,,,
2/1/1945,16.2897,,,,,
3/1/1945,16.1822,,,,,
4/1/1945,15.8865,,,,,
5/1/1945,15.4564,,,,,
6/1/1945,15.107,,,,,
7/1/1945,14.7576,,,,,
8/1/1945,13.2253,,,,,
9/1/1945,12.0426,,,,,
10/1/1945,11.5587,,,,,
11/1/1945,11.9888,,,,,
12/1/1945,12.0426,,,,,
1/1/1946,11.3706,,,,,
2/1/1946,10.8061,,,,,
3/1/1946,11.9351,,,,,
4/1/1946,11.72,,,,,
5/1/1946,11.2899,,,,,
6/1/1946,11.9888,,,,,
7/1/1946,12.392,,,,,
8/1/1946,12.849,,,,,
9/1/1946,13.0909,,,,,
10/1/1946,13.3329,,,,,
11/1/1946,13.4135,,,,,
12/1/1946,13.4941,,,,,
1/1/1947,13.6554,21.48,,,,
2/1/1947,13.7361,21.62,,,,
3/1/1947,13.8167,22,,,,
4/1/1947,13.7092,22,,,,
5/1/1947,13.7629,21.95,,,,
6/1/1947,13.7629,22.08,,,,
7/1/1947,13.6823,22.23,,,,
8/1/1947,13.7629,22.4,,,,
9/1/1947,13.8705,22.84,,,,
10/1/1947,14.0049,22.91,,,,
11/1/1947,14.193,23.06,,,,
12/1/1947,14.2468,23.41,,,,
1/1/1948,14.3274,23.68,,,,
2/1/1948,14.3543,23.67,,,,
3/1/1948,14.1931,23.5,,,,
4/1/1948,14.2199,23.82,,,,
5/1/1948,14.4618,24.01,,,,
6/1/1948,14.65,24.15,,,,
7/1/1948,14.65,24.4,,,,
8/1/1948,14.5962,24.43,,,,
9/1/1948,14.4887,24.36,,,,
10/1/1948,14.5963,24.31,,,,
11/1/1948,14.4081,24.16,,,,
12/1/1948,14.2737,24.05,,,,
1/1/1949,14.1393,24.01,,,,
2/1/1949,14.0049,23.91,,,,
3/1/1949,13.7361,23.91,,,,
4/1/1949,13.6554,23.92,,,,
5/1/1949,13.4673,23.91,,,,
6/1/1949,13.4404,23.92,,,,
7/1/1949,13.4135,23.7,,,,
8/1/1949,13.5479,23.7,,,,
9/1/1949,13.6823,23.75,,,,
10/1/1949,13.1716,23.67,,,,
11/1/1949,13.521,23.7,,,,
12/1/1949,13.7629,23.61,,,,
1/1/1950,14.0049,23.51,,,,
2/1/1950,14.0586,23.61,,,,
3/1/1950,14.5156,23.64,,,,
4/1/1950,14.9995,23.65,,,,
5/1/1950,15.3489,23.77,,,,
6/1/1950,15.8059,23.88,,,,
7/1/1950,16.3166,24.07,,,,
8/1/1950,16.8274,24.2,,,,
9/1/1950,16.7198,24.34,,,,
10/1/1950,16.8273,24.5,,,,
11/1/1950,16.8005,24.6,,,,
12/1/1950,17.0962,24.98,,,,
1/1/1951,17.1499,25.38,,,,
2/1/1951,17.2575,25.83,,,,
3/1/1951,17.3381,25.88,,,,
4/1/1951,17.365,25.92,,,,
5/1/1951,17.3112,25.99,,,,
6/1/1951,17.2306,25.93,,,,
7/1/1951,16.9618,25.91,,,,
8/1/1951,16.8005,25.86,,,,
9/1/1951,16.908,26.03,,,,
10/1/1951,16.8811,26.16,,,,
11/1/1951,17.0155,26.32,,,,
12/1/1951,17.123,26.47,,,,
1/1/1952,17.3112,26.45,,,,
2/1/1952,17.4187,26.41,,,,
3/1/1952,17.4725,26.39,,,,
4/1/1952,17.3112,26.46,,,,
5/1/1952,17.1499,26.47,,,,
6/1/1952,16.9886,26.53,,,,
7/1/1952,16.7198,26.68,,,,
8/1/1952,17.7951,26.69,,,,
9/1/1952,18.4402,26.63,,,,
10/1/1952,18.6284,26.69,,,,
11/1/1952,19.0047,26.69,,,,
12/1/1952,19.1122,26.71,,,,
1/1/1953,19.166,26.64,,,,
2/1/1953,19.2735,26.59,,,,
3/1/1953,19.4348,26.63,,,,
4/1/1953,19.5154,26.69,,,,
5/1/1953,19.6229,26.7,,,,
6/1/1953,19.5423,26.77,,,,
7/1/1953,19.7842,26.79,,,,
8/1/1953,19.6767,26.85,,,,
9/1/1953,19.2735,26.89,,,,
10/1/1953,19.1122,26.95,,,,
11/1/1953,18.6553,26.85,,,,
12/1/1953,18.1983,26.87,,,,
1/1/1954,18.0639,26.94,,,,
2/1/1954,18.1176,26.99,,,,
3/1/1954,18.0101,26.93,,,,
4/1/1954,17.9026,26.86,,,,
5/1/1954,18.0101,26.93,,,,
6/1/1954,18.0639,26.94,,,,
7/1/1954,18.0907,26.86,,,,0.8
8/1/1954,18.0639,26.85,,,,1.22
9/1/1954,18.0908,26.81,,,,1.07
10/1/1954,18.3058,26.72,,,,0.85
11/1/1954,18.6015,26.78,,,,0.83
12/1/1954,18.8434,26.77,,,,1.28
1/1/1955,19.2735,26.77,,,,1.39
2/1/1955,19.5154,26.82,,,,1.29
3/1/1955,19.9724,26.79,,,,1.35
4/1/1955,20.2143,26.79,,,,1.43
5/1/1955,20.5369,26.77,,,,1.43
6/1/1955,20.5638,26.71,,,,1.64
7/1/1955,20.7251,26.76,,,,1.68
8/1/1955,20.6982,26.72,,,,1.96
9/1/1955,20.8326,26.85,,,,2.18
10/1/1955,21.182,26.82,,,,2.24
11/1/1955,21.2358,26.88,,,,2.35
12/1/1955,21.3164,26.87,,,,2.48
1/1/1956,21.4508,26.83,,,,2.45
2/1/1956,21.2627,26.86,,,,2.5
3/1/1956,21.2627,26.89,,,,2.5
4/1/1956,21.424,26.93,,,,2.62
5/1/1956,21.2358,27.03,,,,2.75
6/1/1956,21.0476,27.15,,,,2.71
7/1/1956,20.4025,27.29,,,,2.75
8/1/1956,21.2358,27.31,,,,2.73
9/1/1956,21.7197,27.35,,,,2.95
10/1/1956,21.9078,27.51,,,,2.96
11/1/1956,21.7197,27.51,,,,2.88
12/1/1956,22.0422,27.63,,,,2.94
1/1/1957,21.9616,27.67,,,,2.84
2/1/1957,22.1766,27.8,,,,3
3/1/1957,22.1498,27.86,,,,2.96
4/1/1957,21.8541,27.93,,,,3
5/1/1957,21.7734,28,,,,3
6/1/1957,21.8272,28.11,,,,3
7/1/1957,21.9616,28.19,,,,2.99
8/1/1957,21.9616,28.28,,,,3.24
9/1/1957,21.7734,28.32,,,,3.47
10/1/1957,21.4508,28.32,,,,3.5
11/1/1957,20.9401,28.41,,,,3.28
12/1/1957,20.5369,28.47,,,,2.98
1/1/1958,20.1606,28.64,,,,2.72
2/1/1958,19.7305,28.7,,,,1.67
3/1/1958,19.4885,28.87,,,,1.2
4/1/1958,19.166,28.94,,,,1.26
5/1/1958,19.3541,28.94,,,,0.63
6/1/1958,19.8649,28.91,,,,0.93
7/1/1958,20.1606,28.89,,,,0.68
8/1/1958,20.5638,28.94,,,,1.53
9/1/1958,20.752,28.91,,,,1.76
10/1/1958,20.9939,28.91,,,,1.8
11/1/1958,21.6121,28.95,,,,2.27
12/1/1958,21.639,28.97,,,,2.42
1/1/1959,21.9616,29.01,,10.56,18.9,2.48
2/1/1959,22.3917,29,,10.624,18.6,2.43
3/1/1959,22.7142,28.97,,10.482,18.4,2.8
4/1/1959,23.1981,28.98,,10.424,18.7,2.96
5/1/1959,23.5476,29.04,,10.317,18.6,2.9
6/1/1959,23.5744,29.11,,10.043,18.5,3.39
7/1/1959,23.0099,29.15,,10.148,18.7,3.47
8/1/1959,22.2304,29.18,,10.177,18.6,3.5
9/1/1959,22.2035,29.25,,10.202,18.6,3.76
10/1/1959,22.0422,29.35,,10.15,18.6,3.98
11/1/1959,22.1766,29.35,,10.194,18.6,4
12/1/1959,23.5475,29.41,,10.168,19,3.99
1/1/1960,24.1658,29.37,,10.194,18.8,3.99
2/1/1960,23.9508,29.41,,10.074,18.2,3.97
3/1/1960,23.7357,29.41,,10.155,18,3.84
4/1/1960,23.5476,29.54,,10.161,18.1,3.92
5/1/1960,23.5207,29.57,,10.344,18.2,3.85
6/1/1960,23.225,29.61,,10.451,18.3,3.32
7/1/1960,23.1443,29.55,,10.615,18.5,3.23
8/1/1960,23.1175,29.61,,10.782,18.5,2.98
9/1/1960,22.8755,29.61,,10.932,18.6,2.6
10/1/1960,22.8487,29.75,,11.049,18.8,2.47
11/1/1960,22.5261,29.78,,11.166,19,2.44
12/1/1960,22.096,29.81,,11.172,19.3,1.98
1/1/1961,22.1229,29.84,,11.259,19.3,1.45
2/1/1961,22.096,29.84,,11.096,19,2.54
3/1/1961,22.2304,29.84,,11.038,18.8,2.02
4/1/1961,22.6874,29.81,,11.066,18.9,1.49
5/1/1961,23.0368,29.84,,10.94,18.9,1.98
6/1/1961,23.3594,29.84,,11.024,19,1.73
7/1/1961,23.6282,29.92,,11.07,19.1,1.17
8/1/1961,23.8432,29.94,,11.169,19.2,2
9/1/1961,23.8164,29.98,,11.251,19.4,1.88
10/1/1961,24.2733,29.98,,11.342,19.7,2.26
11/1/1961,24.6497,29.98,,11.384,19.8,2.61
12/1/1961,24.8647,30.01,,11.366,20.1,2.33
1/1/1962,24.6496,30.04,,11.403,20.1,2.15
2/1/1962,25.0529,30.11,,11.233,19.6,2.37
3/1/1962,25.1873,30.17,,11.17,19.5,2.85
4/1/1962,25.241,30.21,,11.258,19.7,2.78
5/1/1962,25.2141,30.24,,11.323,19.8,2.36
6/1/1962,25.1604,30.21,,11.226,19.9,2.68
7/1/1962,25.4023,30.22,,11.302,20.1,2.71
8/1/1962,25.4292,30.28,,11.231,19.9,2.93
9/1/1962,25.5905,30.42,,11.303,20.1,2.9
10/1/1962,25.6174,30.38,,11.387,20.2,2.9
11/1/1962,25.7249,30.38,,11.372,19.6,2.94
12/1/1962,25.7249,30.38,,11.344,20.1,2.93
1/1/1963,25.913,30.44,,11.421,20,2.92
2/1/1963,26.2088,30.48,,11.29,19.6,3
3/1/1963,26.37,30.51,,11.255,19.5,2.98
4/1/1963,26.612,30.48,,11.319,19.6,2.9
5/1/1963,26.9345,30.51,,11.216,19.6,3
6/1/1963,27.0152,30.61,,11.139,19.8,2.99
7/1/1963,26.9076,30.69,,11.232,20,3.02
8/1/1963,26.9614,30.75,,11.155,19.7,3.49
9/1/1963,27.2302,30.72,,11.184,20,3.48
10/1/1963,27.4184,30.75,,11.137,20,3.5
11/1/1963,27.5528,30.78,,11.198,20.1,3.48
12/1/1963,27.499,30.88,,11.397,20.7,3.38
1/1/1964,27.7409,30.94,,11.369,20.7,3.48
2/1/1964,27.9291,30.91,,11.261,20.1,3.48
3/1/1964,27.9291,30.94,,11.285,20.2,3.43
4/1/1964,28.3861,30.95,,11.326,20.3,3.47
5/1/1964,28.5474,30.98,,11.263,20.2,3.5
6/1/1964,28.628,31.01,,11.326,20.5,3.5
7/1/1964,28.8162,31.02,,11.387,20.6,3.42
8/1/1964,29.0043,31.05,,11.48,20.6,3.5
9/1/1964,29.1119,31.08,,11.518,20.9,3.45
10/1/1964,28.7087,31.12,,11.567,21,3.36
11/1/1964,29.5957,31.21,,11.598,21.2,3.52
12/1/1964,29.9452,31.25,,11.747,21.6,3.85
1/1/1965,30.2677,31.28,,11.653,21.6,3.9
2/1/1965,30.4559,31.28,,11.479,21.2,3.98
3/1/1965,30.8591,31.31,,11.472,21.3,4.05
4/1/1965,30.9935,31.38,,11.571,21.5,4.09
5/1/1965,31.2354,31.48,,11.417,21.5,4.1
6/1/1965,31.4774,31.61,,11.467,21.7,4.05
7/1/1965,31.7731,31.58,,11.544,21.9,4.09
8/1/1965,31.9075,31.55,,11.531,21.6,4.12
9/1/1965,31.9881,31.62,,11.517,21.8,4.02
10/1/1965,32.3107,31.65,,11.63,22,4.08
11/1/1965,32.4451,31.75,,11.655,21.9,4.1
12/1/1965,32.8483,31.85,,11.872,22.7,4.32
1/1/1966,33.1709,31.88,,11.875,22.8,4.42
2/1/1966,33.3859,32.08,,11.711,22.2,4.6
3/1/1966,33.8429,32.18,,11.604,22.2,4.66
4/1/1966,33.8967,32.28,,11.621,22.5,4.67
5/1/1966,34.2192,32.35,,11.575,22.5,4.9
6/1/1966,34.3805,32.38,,11.549,22.6,5.17
7/1/1966,34.5687,32.45,,11.629,23.1,5.3
8/1/1966,34.5955,32.65,,11.43,22.7,5.53
9/1/1966,34.9181,32.75,,11.46,23.2,5.4
10/1/1966,35.16,32.85,,11.465,23.4,5.53
11/1/1966,34.9181,32.88,,11.598,23.2,5.76
12/1/1966,34.9987,32.92,,11.69,23.8,5.4
1/1/1967,35.1638,32.9,,11.924,24.1,4.94
2/1/1967,34.765,33,,11.916,23.7,5
3/1/1967,34.5691,33,,12.237,23.4,4.53
4/1/1967,34.8951,33.1,,12.342,23.4,4.05
5/1/1967,34.5907,33.1,,12.329,23.3,3.94
6/1/1967,34.5863,33.3,,12.351,23.5,3.98
7/1/1967,34.5076,33.4,,12.607,24,3.79
8/1/1967,35.1687,33.5,,12.598,23.8,3.9
9/1/1967,35.1116,33.6,,12.758,24.2,3.99
10/1/1967,35.3976,33.7,,12.959,24.7,3.88
11/1/1967,35.9038,33.9,,12.999,24.7,4.13
12/1/1967,36.2905,34,,12.952,25.3,4.51
1/1/1968,36.2514,34.1,,12.993,25.8,4.61
2/1/1968,36.3813,34.2,,12.815,25.6,4.71
3/1/1968,36.4949,34.3,,12.527,25.6,5.05
4/1/1968,36.5477,34.4,,12.432,25.6,5.76
5/1/1968,36.9577,34.5,,12.389,25.4,6.12
6/1/1968,37.0934,34.7,,12.557,25.7,6.07
7/1/1968,37.0366,34.9,,12.928,26,6.03
8/1/1968,37.1399,35,,12.875,26,6.03
9/1/1968,37.2806,35.1,,12.931,26.1,5.78
10/1/1968,37.3546,35.3,,13.086,26.6,5.91
11/1/1968,37.8378,35.4,,13.104,26.8,5.82
12/1/1968,37.9573,35.6,,13.021,27.2,6.02
1/1/1969,38.1869,35.7,99.33930411,12.893,28.1,6.3
2/1/1969,38.4313,35.8,101.5293041,12.879,27.3,6.61
3/1/1969,38.7326,36.1,103.7093041,12.751,26.8,6.79
4/1/1969,38.5901,36.3,104.0293041,12.468,27.1,7.41
5/1/1969,38.4443,36.4,101.8693041,12.47,27.9,8.67
6/1/1969,38.8198,36.6,98.76930411,12.41,27.3,8.9
7/1/1969,39.0248,36.8,104.8793041,12.239,27.1,8.61
8/1/1969,39.1145,36.9,99.48930411,12.565,27,9.19
9/1/1969,39.1057,37.1,104.5893041,12.743,27,9.15
10/1/1969,39.1171,37.3,104.9993041,12.754,27.4,9
11/1/1969,38.7484,37.5,104.2193041,12.969,27.7,8.85
12/1/1969,38.6444,37.7,103.6693041,13.049,28.1,8.97
1/1/1970,37.9288,37.9,104.2493041,13.128,28.9,8.98
2/1/1970,37.9038,38.1,109.5293041,13.019,27.9,8.98
3/1/1970,37.8546,38.3,107.8693041,13.173,27.5,7.76
4/1/1970,37.7573,38.5,107.3193041,13.364,28.1,8.1
5/1/1970,37.7133,38.6,106.7693041,13.04,27.9,7.95
6/1/1970,37.5913,38.8,107.2793041,13.197,27.6,7.61
7/1/1970,37.6836,38.9,105.4893041,12.799,28.1,7.21
8/1/1970,37.6164,39,104.4193041,13.445,28.4,6.62
9/1/1970,37.3571,39.2,103.7793041,13.847,28.8,6.29
10/1/1970,36.6098,39.4,102.9193041,14.017,28.6,6.2
11/1/1970,36.3881,39.6,107.3793041,14.055,28.7,5.6
12/1/1970,37.2237,39.8,107.6293041,14.225,29.2,4.9
1/1/1971,37.5101,39.9,111.2693041,14.24,30.4,4.14
2/1/1971,37.4386,39.9,112.3493041,14.488,29.9,3.72
3/1/1971,37.398,40,110.8993041,14.479,29.7,3.71
4/1/1971,37.608,40.1,110.6193041,14.606,29.9,4.16
5/1/1971,37.7989,40.3,112.3093041,14.698,30.3,4.63
6/1/1971,37.9574,40.5,112.7793041,14.564,30.1,4.91
7/1/1971,37.8472,40.6,115.2193041,14.302,30.6,5.31
8/1/1971,37.6276,40.7,110.6293041,14.38,30.5,5.57
9/1/1971,38.2391,40.8,117.8693041,14.928,30.8,5.55
10/1/1971,38.5253,40.9,128.3993041,14.854,30.8,5.2
11/1/1971,38.6888,41,126.6493041,14.864,30.9,4.91
12/1/1971,39.1355,41.1,136.0993041,15.104,31.3,4.14
1/1/1972,40.0728,41.2,146.4793041,15.347,32.9,3.51
2/1/1972,40.4789,41.4,150.0093041,15.331,31.9,3.3
3/1/1972,40.761,41.4,152.9893041,15.382,31.9,3.83
4/1/1972,41.1654,41.5,148.4193041,15.534,32.6,4.17
5/1/1972,41.1693,41.6,153.2493041,15.628,32.8,4.27
6/1/1972,41.2778,41.7,179.3593041,15.809,32.5,4.46
7/1/1972,41.2389,41.8,165.1393041,15.597,33.1,4.55
8/1/1972,41.805,41.9,208.5593041,15.623,33.1,4.81
9/1/1972,42.1288,42.1,207.5493041,15.459,33,4.87
10/1/1972,42.6703,42.2,197.4393041,15.637,33.8,5.05
11/1/1972,43.1755,42.4,185.6793041,15.833,31.8,5.06
12/1/1972,43.6617,42.5,198.3993041,15.595,31.4,5.33
1/1/1973,43.9783,42.7,218.0693041,15.548,32.9,5.94
2/1/1973,44.6103,43,243.5093041,15.12,31.7,6.58
3/1/1973,44.6294,43.4,235.8993041,15.099,31.9,7.09
4/1/1973,44.568,43.7,212.2293041,15.02,32.3,7.12
5/1/1973,44.8608,43.9,204.3493041,14.829,32.4,7.84
6/1/1973,44.9186,44.2,190.3593041,14.895,32.2,8.49
7/1/1973,45.085,44.2,205.8793041,15.035,33.5,10.4
8/1/1973,45.0221,45,252.6793041,14.631,33.7,10.5
9/1/1973,45.3801,45.2,239.6993041,14.883,34,10.78
10/1/1973,45.7462,45.6,256.7193041,15.448,34.9,10.01
11/1/1973,45.9548,45.9,278.4193041,15.585,34.8,10.03
12/1/1973,45.8252,46.3,288.7293041,15.723,35.1,9.95
1/1/1974,45.5207,46.8,263.3693041,16.171,36.6,9.65
2/1/1974,45.3825,47.3,222.2393041,15.933,35.2,8.97
3/1/1974,45.3798,47.8,197.7593041,15.817,34.9,9.35
4/1/1974,45.247,48.1,214.4893041,15.561,36,10.51
5/1/1974,45.6083,48.6,199.5993041,14.833,36.5,11.31
6/1/1974,45.5216,49,188.5293041,14.361,36.5,11.93
7/1/1974,45.6136,49.3,187.2793041,14.185,37.3,12.92
8/1/1974,45.1303,49.9,191.6693041,14.055,37,12.01
9/1/1974,45.1377,50.6,210.5893041,14.102,37.1,11.34
10/1/1974,44.995,51,210.5293041,15.536,36.9,10.06
11/1/1974,43.5148,51.5,192.6993041,16.201,36.8,9.45
12/1/1974,41.9503,51.9,188.4993041,16.823,36.9,8.53
1/1/1975,41.3689,52.3,182.7993041,16.874,37.7,7.13
2/1/1975,40.4252,52.6,168.0093041,17.123,35.5,6.24
3/1/1975,39.9804,52.8,178.1993041,17.333,34.7,5.54
4/1/1975,40.0572,53,183.7193041,17.387,35.2,5.49
5/1/1975,39.9402,53.1,191.3493041,17.288,34.7,5.22
6/1/1975,40.1927,53.5,194.9293041,17.488,34.6,5.55
7/1/1975,40.6115,54,188.7893041,17.331,34.9,6.1
8/1/1975,41.0114,54.2,171.4693041,17.449,34.5,6.14
9/1/1975,41.5422,54.6,166.8093041,17.438,34.6,6.24
10/1/1975,41.7224,54.9,150.5193041,17.397,34.6,5.82
11/1/1975,41.7797,55.3,148.1493041,17.789,34.6,5.22
12/1/1975,42.3462,55.6,150.3593041,17.692,35,5.2
1/1/1976,42.9082,55.8,157.4393041,17.537,35.6,4.87
2/1/1976,43.3407,55.9,154.8693041,17.725,34.2,4.77
3/1/1976,43.4281,56,155.2893041,17.821,33.8,4.84
4/1/1976,43.6518,56.1,164.6593041,17.675,34.1,4.82
5/1/1976,43.8315,56.4,173.8493041,17.826,34.1,5.29
6/1/1976,43.8775,56.7,167.3093041,17.82,33.9,5.48
7/1/1976,44.1248,57,158.5793041,17.714,34.3,5.31
8/1/1976,44.4262,57.3,137.9693041,17.953,34.1,5.29
9/1/1976,44.5711,57.6,140.3193041,17.948,33.9,5.25
10/1/1976,44.56,57.9,145.0893041,17.983,34.3,5.02
11/1/1976,45.2454,58.1,148.5593041,18.268,34.7,4.95
12/1/1976,45.731,58.4,151.5793041,18.335,35.2,4.65
1/1/1977,45.4156,58.7,158.6693041,18.353,36.1,4.61
2/1/1977,46.1358,59.3,158.4493041,18.227,34.4,4.68
3/1/1977,46.7158,59.6,161.5693041,18.301,34.1,4.69
4/1/1977,47.1719,60,178.9993041,18.406,34.8,4.73
5/1/1977,47.541,60.2,182.4993041,18.379,34.7,5.35
6/1/1977,47.9063,60.5,194.8293041,18.208,34.4,5.39
7/1/1977,47.9714,60.8,174.0393041,18.425,35.3,5.42
8/1/1977,48.0157,61.1,175.0593041,17.858,35.2,5.9
9/1/1977,48.2097,61.3,179.1293041,18.247,35.2,6.14
10/1/1977,48.2839,61.6,190.9593041,17.658,35.7,6.47
11/1/1977,48.3755,62,191.5493041,18.15,35.9,6.51
12/1/1977,48.4573,62.3,195.9793041,18.42,36.5,6.56
1/1/1978,47.7512,62.7,192.4093041,18.806,38.1,6.7
2/1/1978,48.0098,63,203.5993041,19.155,36.8,6.78
3/1/1978,48.9358,63.4,214.0093041,18.958,36.1,6.79
4/1/1978,49.9074,63.9,208.6593041,18.851,37,6.89
5/1/1978,50.1513,64.5,219.3093041,18.443,37.1,7.36
6/1/1978,50.4751,65,205.3893041,18.774,37.3,7.6
7/1/1978,50.4371,65.5,205.3993041,18.801,38.2,7.81
8/1/1978,50.6393,65.9,191.7893041,18.772,37.6,8.04
9/1/1978,50.7631,66.5,213.1193041,18.934,37.8,8.45
10/1/1978,51.1523,67.1,223.7893041,18.832,38.4,8.96
11/1/1978,51.5456,67.5,214.6093041,19.169,39.6,9.76
12/1/1978,51.806,67.9,235.4693041,18.885,41.7,10.03
1/1/1979,51.525,68.5,237.1493041,18.818,43.1,10.07
2/1/1979,51.778,69.2,250.1893041,18.423,40.7,10.06
3/1/1979,51.9382,69.9,247.1893041,18.439,40.2,10.09
4/1/1979,51.3251,70.6,215.5593041,18.587,40.7,10.01
5/1/1979,51.7782,71.4,223.8693041,17.788,40.2,10.24
6/1/1979,51.7865,72.2,237.2493041,18.39,40.1,10.29
7/1/1979,51.7029,73,253.3793041,18.822,40.9,10.47
8/1/1979,51.3658,73.7,261.0293041,18.923,40.7,10.94
9/1/1979,51.3623,74.4,265.2593041,18.667,41.1,11.43
10/1/1979,51.7175,75.2,284.0493041,18.353,42.3,13.77
11/1/1979,51.6341,76,290.3693041,18.492,43,13.18
12/1/1979,51.6694,76.9,293.3293041,19.248,44,13.78
1/1/1980,51.944,78,268.0293041,19.452,45.2,13.82
2/1/1980,51.9633,79,251.5293041,19.027,43.2,14.13
3/1/1980,51.7454,80.1,244.5493041,17.879,43.1,17.19
4/1/1980,50.7197,80.9,248.3693041,18.174,44.9,17.61
5/1/1980,49.4766,81.7,244.1693041,19.421,44,10.98
6/1/1980,48.8383,82.5,242.9893041,20.196,43.5,9.47
7/1/1980,48.4907,82.6,226.9793041,20.401,42.9,9.03
8/1/1980,48.6456,83.2,229.9193041,20.352,40.4,9.61
9/1/1980,49.4578,83.9,222.4093041,19.921,41.2,10.87
10/1/1980,50.0861,84.7,222.3193041,19.837,41.7,12.81
11/1/1980,50.9209,85.6,220.6793041,20.091,41.2,15.85
12/1/1980,51.257,86.4,214.7593041,20.325,40.7,18.9
1/1/1981,50.9328,87.2,200.9893041,20.278,41.6,19.08
2/1/1981,50.7237,88,212.9093041,20.536,39.9,15.93
3/1/1981,50.9806,88.6,208.1593041,21.072,39.7,14.7
4/1/1981,50.7661,89.1,215.0893041,20.849,40.3,15.72
5/1/1981,51.0552,89.7,222.6193041,20.219,40.5,18.52
6/1/1981,51.3214,90.5,216.9893041,20.289,40.4,19.1
7/1/1981,51.6555,91.5,208.8893041,20.65,41,19.04
8/1/1981,51.5903,92.2,206.4793041,20.936,41,17.82
9/1/1981,51.3429,93.1,206.5593041,21.031,40.6,15.87
10/1/1981,50.9463,93.4,198.7393041,21.115,40.7,15.08
11/1/1981,50.3546,93.8,196.5493041,21.675,40.9,13.31
12/1/1981,49.8086,94.1,204.3893041,21.807,41.9,12.37
1/1/1982,48.7877,94.4,200.7993041,21.152,43.2,13.22
2/1/1982,49.7839,94.7,198.3893041,20.762,41.3,14.78
3/1/1982,49.4477,94.7,194.3893041,20.898,39.2,14.68
4/1/1982,48.9913,95,206.9293041,20.769,39.6,14.94
5/1/1982,48.6669,95.9,208.5193041,21.285,39.5,14.45
6/1/1982,48.5415,97,206.2493041,21.164,39.6,14.15
7/1/1982,48.3775,97.5,206.7693041,21.49,40,12.59
8/1/1982,47.9382,97.7,209.0993041,21.833,40.2,10.12
9/1/1982,47.8139,97.7,213.5093041,21.752,40,10.31
10/1/1982,47.3575,98.1,208.3093041,22.412,40.6,9.71
11/1/1982,47.2078,98,205.2993041,22.733,41.2,9.2
12/1/1982,46.8713,97.7,207.2493041,22.966,41.9,8.95
1/1/1983,47.7398,97.9,215.4793041,22.697,41.9,8.68
2/1/1983,47.4484,98,210.8693041,23.319,39.8,8.51
3/1/1983,47.8426,98.1,206.6593041,23.621,38,8.77
4/1/1983,48.4483,98.8,216.5193041,23.89,38.7,8.8
5/1/1983,48.747,99.2,210.0593041,23.907,38.3,8.63
6/1/1983,49.0434,99.4,213.8393041,23.641,38.4,8.98
7/1/1983,49.7739,99.8,207.3393041,23.903,38.9,9.37
8/1/1983,50.364,100.1,190.2893041,23.83,38.7,9.56
9/1/1983,51.0937,100.4,197.9793041,23.994,37.9,9.45
10/1/1983,51.4902,100.8,198.4993041,24.61,38.1,9.48
11/1/1983,51.721,101.1,198.6693041,24.491,38.1,9.34
12/1/1983,51.9769,101.4,199.9393041,24.593,38.9,9.47
1/1/1984,53.0088,102.1,194.8693041,24.736,40.1,9.56
2/1/1984,53.2486,102.6,193.1193041,25.262,36.3,9.59
3/1/1984,53.5028,102.9,187.5693041,24.812,36.2,9.91
4/1/1984,53.8233,103.3,197.2993041,24.457,37.1,10.29
5/1/1984,54.1104,103.5,186.7593041,22.894,36.5,10.32
6/1/1984,54.3075,103.7,186.9593041,22.794,37.5,11.06
7/1/1984,54.4587,104.1,179.3893041,20.057,37.5,11.23
8/1/1984,54.5239,104.4,172.9193041,18.023,37.3,11.64
9/1/1984,54.3696,104.7,175.8493041,18.848,38,11.3
10/1/1984,54.3474,105.1,187.8893041,20.242,38.5,9.99
11/1/1984,54.529,105.3,200.3593041,21.901,39.2,9.43
12/1/1984,54.5556,105.5,200.8993041,23.727,40.7,8.38
1/1/1985,54.527,105.7,195.3793041,25.683,41.1,8.35
2/1/1985,54.6871,106.3,173.2793041,26.307,40.2,8.5
3/1/1985,54.7673,106.8,162.2593041,25.998,40.4,8.58
4/1/1985,54.6467,107,159.3793041,26.548,41.6,8.27
5/1/1985,54.7396,107.2,162.8393041,26.822,41,7.97
6/1/1985,54.711,107.5,153.4393041,27.644,42.4,7.53
7/1/1985,54.4365,107.7,151.7893041,28.035,42.8,7.88
8/1/1985,54.6121,107.9,149.6893041,28.58,42.9,7.9
9/1/1985,54.8147,108.1,163.2893041,28.742,44.5,7.92
10/1/1985,54.6228,108.5,157.5893041,29.303,45.5,7.99
11/1/1985,54.8123,109,159.5793041,29.176,46.4,8.05
12/1/1985,55.3553,109.5,160.1093041,30.251,48.1,8.27
1/1/1986,55.6453,109.9,158.6093041,30.794,48,8.14
2/1/1986,55.2634,109.7,164.8893041,30.775,46.6,7.86
3/1/1986,54.8728,109.1,153.7193041,31.33,47.3,7.48
4/1/1986,54.935,108.7,163.9693041,31.625,48.9,6.99
5/1/1986,55.0399,109,169.5193041,32.39,48.5,6.85
6/1/1986,54.826,109.4,171.7193041,33.144,49.9,6.92
7/1/1986,55.167,109.5,175.1093041,33.917,51,6.56
8/1/1986,55.0726,109.6,177.1493041,34.319,51.3,6.17
9/1/1986,55.2237,110,173.1493041,34.613,53.2,5.89
10/1/1986,55.4589,110.2,172.9493041,35.421,54.6,5.85
11/1/1986,55.6763,110.4,173.5893041,36.519,56.3,6.04
12/1/1986,56.2078,110.8,170.9793041,38.014,59.4,6.91
1/1/1987,55.9911,111.4,163.6693041,38.664,59.6,6.43
2/1/1987,56.7373,111.8,165.9693041,38.45,57,6.1
3/1/1987,56.8136,112.2,163.1293041,38.301,57.1,6.13
4/1/1987,57.185,112.7,170.5393041,38.541,59.4,6.37
5/1/1987,57.5424,113,174.3493041,38.777,58.3,6.85
6/1/1987,57.8502,113.5,177.3293041,38.686,58.8,6.73
7/1/1987,58.2421,113.8,170.6093041,38.408,58.9,6.58
8/1/1987,58.6784,114.3,168.7893041,38.562,58.3,6.73
9/1/1987,58.9088,114.7,166.8993041,38.178,59.8,7.22
10/1/1987,59.7008,115,161.5193041,38.884,61.1,7.29
11/1/1987,59.9956,115.4,166.3293041,38.71,61.2,6.69
12/1/1987,60.3246,115.6,173.3493041,38.136,62.1,6.77
1/1/1988,60.309,116,183.7493041,38.383,62.6,6.83
2/1/1988,60.6122,116.2,180.9793041,39.01,60,6.58
3/1/1988,60.7452,116.5,185.7293041,37.515,60,6.58
4/1/1988,61.108,117.2,196.9593041,36.629,62,6.87
5/1/1988,60.9843,117.5,196.9493041,37.381,60.6,7.09
6/1/1988,61.1615,118,187.8793041,37.195,62,7.51
7/1/1988,61.171,118.5,188.6093041,37.075,62.6,7.75
8/1/1988,61.4771,119,178.8893041,37.23,61.9,8.01
9/1/1988,61.2785,119.5,183.2893041,37.504,62.2,8.19
10/1/1988,61.5488,119.9,192.5593041,38.124,61.9,8.3
11/1/1988,61.7049,120.3,189.1493041,37.687,62.4,8.35
12/1/1988,61.9851,120.7,191.3893041,38.738,63.7,8.76
1/1/1989,62.1677,121.2,206.5893041,38.773,63.4,9.12
2/1/1989,61.8916,121.6,198.1693041,38.852,60.6,9.36
3/1/1989,62.0508,122.2,195.2793041,38.032,60.1,9.85
4/1/1989,62.0289,123.1,197.9493041,37.244,61.2,9.84
5/1/1989,61.6871,123.7,193.2793041,37.581,58.9,9.81
6/1/1989,61.6857,124.1,189.1493041,37.595,59.6,9.53
7/1/1989,61.0896,124.5,183.5193041,38.744,60.3,9.24
8/1/1989,61.6847,124.5,196.1393041,38.723,59.6,8.99
9/1/1989,61.4794,124.8,224.7893041,38.981,60.1,9.02
10/1/1989,61.4014,125.4,269.5293041,39.608,60.4,8.84
11/1/1989,61.6081,125.9,248.7093041,39.821,60.9,8.55
12/1/1989,61.9588,126.3,226.9493041,40.222,62.7,8.45
1/1/1990,61.6352,127.5,219.3093041,40.292,62.9,8.23
2/1/1990,62.1951,128,193.7869041,39.296,60.6,8.24
3/1/1990,62.4916,128.6,190.5738041,38.527,60.6,8.28
4/1/1990,62.3511,128.9,193.4652041,39.237,62.5,8.26
5/1/1990,62.5353,129.1,195.3373041,39.419,60.2,8.18
6/1/1990,62.7479,129.9,192.2293041,39.786,61.2,8.29
7/1/1990,62.6435,130.5,184.7866041,39.818,60.9,8.15
8/1/1990,62.8704,131.6,191.2269041,39.947,60.7,8.13
9/1/1990,62.8839,132.5,191.9814041,40.466,61.4,8.2
10/1/1990,62.4973,133.4,193.2669041,40.398,61,8.11
11/1/1990,61.7175,133.7,197.8902041,40.741,62,7.81
12/1/1990,61.2885,134.2,189.4437041,41.441,59.1,7.31
1/1/1991,61.0842,134.7,176.2570041,41.76,50.9,6.91
2/1/1991,60.6387,134.8,181.6921041,41.82,48.5,6.25
3/1/1991,60.2973,134.8,181.1171041,41.564,48.6,6.12
4/1/1991,60.4524,135.1,184.0761041,41.631,50.3,5.91
5/1/1991,61.0587,135.6,189.4596041,42.108,49.1,5.78
6/1/1991,61.5514,136,192.3586041,42.372,50.4,5.9
7/1/1991,61.7201,136.2,190.2266041,42.378,50.7,5.82
8/1/1991,61.7289,136.6,186.0310041,42.629,50.6,5.66
9/1/1991,62.2369,137,185.7390041,42.913,51.1,5.45
10/1/1991,62.1718,137.2,186.3858041,43.746,51.6,5.21
11/1/1991,62.0894,137.8,181.7475041,44.507,53.1,4.81
12/1/1991,61.806,138.2,179.4351041,45.324,55.5,4.43
1/1/1992,61.4823,138.3,180.3457041,46.141,55.8,4.03
2/1/1992,61.9192,138.6,182.6875041,47.525,55.2,4.06
3/1/1992,62.4403,139.1,185.8407041,48.183,56.3,3.98
4/1/1992,62.9199,139.4,189.5103041,48.952,50.4,3.73
5/1/1992,63.1268,139.7,187.0056041,49.182,48.8,3.82
6/1/1992,63.1624,140.1,180.5554041,49.041,49.5,3.76
7/1/1992,63.7348,140.5,175.3089041,49.471,49.8,3.25
8/1/1992,63.3802,140.8,173.3949041,50.229,50.2,3.3
9/1/1992,63.5834,141.1,175.1807041,51.107,51.5,3.22
10/1/1992,64.0178,141.7,176.6963041,52.625,53.1,3.1
11/1/1992,64.2628,142.1,170.7557041,53.646,54.7,3.09
12/1/1992,64.3599,142.3,164.4044041,54.298,56.6,2.92
1/1/1993,64.6135,142.8,162.8935041,54.805,56,3.02
2/1/1993,64.9262,143.1,176.6917041,54.641,53.9,3.03
3/1/1993,64.8627,143.3,170.5713041,54.879,54.3,3.07
4/1/1993,65.0423,143.8,169.7252041,55.285,56.5,2.96
5/1/1993,64.8006,144.2,173.8956041,56.534,56.1,3
6/1/1993,64.9476,144.3,176.0994041,56.905,57.2,3.04
7/1/1993,65.1142,144.5,179.4227041,57.486,57.7,3.06
8/1/1993,65.0421,144.8,181.8600041,57.832,57.8,3.03
9/1/1993,65.3749,145,169.6021041,58.444,59.1,3.09
10/1/1993,65.863,145.6,170.7551041,59.309,60,2.99
11/1/1993,66.1696,146,178.3753041,60.215,61.3,3.02
12/1/1993,66.5531,146.3,174.5057041,60.485,62.8,2.96
1/1/1994,66.7591,146.3,180.0971041,60.822,62,3.05
2/1/1994,66.8019,146.7,175.3432041,60.446,59.6,3.25
3/1/1994,67.4704,147.1,176.4476041,60.244,59.6,3.34
4/1/1994,67.8707,147.2,178.3990041,60.38,61.6,3.56
5/1/1994,68.187,147.5,182.9740041,59.772,59.2,4.01
6/1/1994,68.645,147.9,180.1461041,59.715,59.9,4.25
7/1/1994,68.7317,148.4,173.8282041,59.863,60.1,4.26
8/1/1994,69.1882,149,176.6764041,59.491,59.3,4.47
9/1/1994,69.3935,149.3,179.8701041,59.313,60,4.73
10/1/1994,69.9576,149.4,180.4208041,58.994,59.5,4.76
11/1/1994,70.4288,149.8,182.4549041,59.163,60,5.29
12/1/1994,71.1273,150.1,187.2662041,59.257,61.4,5.45
1/1/1995,71.2635,150.5,202.8364041,59.268,60.5,5.53
2/1/1995,71.1758,150.9,196.1534041,58.593,57.7,5.92
3/1/1995,71.2796,151.2,197.0353041,58.141,57.6,5.98
4/1/1995,71.1538,151.8,206.0033041,57.863,58.9,6.05
5/1/1995,71.4997,152.1,208.6667041,57.492,56.7,6.01
6/1/1995,71.7327,152.4,203.2105041,57.104,57,6
7/1/1995,71.4334,152.6,205.8609041,57.446,57.4,5.85
8/1/1995,72.3723,152.9,193.9913041,57.257,56.8,5.74
9/1/1995,72.6543,153.1,197.8544041,57.033,57.2,5.8
10/1/1995,72.5336,153.5,204.5552041,56.474,56.4,5.76
11/1/1995,72.717,153.7,204.2601041,56.102,56.4,5.8
12/1/1995,72.9638,153.9,218.3210041,56.226,57.9,5.6
1/1/1996,72.5712,154.7,214.5956041,55.846,56.9,5.56
2/1/1996,73.6207,155,204.2492041,54.588,53.8,5.22
3/1/1996,73.5141,155.5,188.1578041,55.274,54.9,5.31
4/1/1996,74.2491,156.1,191.7682041,55.088,55.9,5.22
5/1/1996,74.8142,156.4,196.1071041,53.914,53.2,5.24
6/1/1996,75.3726,156.7,196.7080041,53.759,53.7,5.27
7/1/1996,75.3738,157,184.5082041,53.01,52.9,5.4
8/1/1996,75.7557,157.2,191.6266041,51.828,51.7,5.22
9/1/1996,76.2302,157.7,195.1077041,50.945,51,5.3
10/1/1996,76.2157,158.2,201.0728041,49.751,49.6,5.24
11/1/1996,76.8973,158.7,207.4927041,49.566,49.7,5.31
12/1/1996,77.3772,159.1,188.0282041,50.03,51.2,5.29
1/1/1997,77.5135,159.4,174.9623041,49.639,50.6,5.25
2/1/1997,78.4255,159.7,173.6029041,48.673,48.1,5.19
3/1/1997,78.9197,159.8,164.4377041,47.694,47.6,5.39
4/1/1997,78.9848,159.9,166.0543041,47.093,47.9,5.51
5/1/1997,79.4296,159.9,163.2356041,46.414,46,5.5
6/1/1997,79.7971,160.2,157.6084041,46.571,46.6,5.56
7/1/1997,80.4666,160.4,154.5386041,46.347,46.4,5.52
8/1/1997,81.2825,160.8,142.9415041,46.316,46.7,5.54
9/1/1997,82.0327,161.2,136.2989041,45.81,46.1,5.54
10/1/1997,82.7656,161.5,153.1049041,45.69,45.6,5.5
11/1/1997,83.427,161.7,147.8244041,46.258,46.5,5.52
12/1/1997,83.784,161.8,132.8199041,46.551,47.9,5.5
1/1/1998,84.1564,162,132.3583041,46.449,47.5,5.56
2/1/1998,84.3066,162,134.6085041,45.685,45.2,5.51
3/1/1998,84.342,162,130.1506041,45.813,45.6,5.49
4/1/1998,84.6339,162.2,153.2747041,46.059,46.6,5.45
5/1/1998,85.1867,162.6,160.3164041,45.379,45,5.49
6/1/1998,84.6809,162.8,151.5590041,45.166,45.1,5.56
7/1/1998,84.3445,163.2,162.7013041,44.636,44.6,5.54
8/1/1998,86.0816,163.4,168.5111041,44.686,44.7,5.55
9/1/1998,86.0023,163.5,180.9638041,44.599,44.2,5.51
10/1/1998,86.591,163.9,190.4023041,44.714,44.1,5.07
11/1/1998,86.5115,164.1,180.7294041,44.732,44.1,4.83
12/1/1998,86.8615,164.4,189.0016041,45.058,45.2,4.68
1/1/1999,87.2205,164.7,193.8765041,44.824,46.8,4.63
2/1/1999,87.726,164.7,205.7043041,44.81,45.5,4.76
3/1/1999,87.9125,164.8,215.3482041,44.406,43.2,4.81
4/1/1999,88.1082,165.9,206.2208041,43.495,43.6,4.74
5/1/1999,88.6483,166,202.5478041,43.879,44.8,4.74
6/1/1999,88.5903,166,222.5424041,42.919,42.3,4.76
7/1/1999,89.1098,166.7,235.0530041,41.683,41.6,4.99
8/1/1999,89.5007,167.1,212.6661041,41.958,41.7,5.07
9/1/1999,89.1304,167.8,243.7381041,41.62,41.3,5.22
10/1/1999,90.2709,168.1,236.8226041,41.291,40.7,5.2
11/1/1999,90.7528,168.4,236.0532041,41.535,41,5.42
12/1/1999,91.4784,168.8,255.7233041,41.829,41.7,5.3
1/1/2000,91.4092,169.3,246.2630041,42.159,44.2,5.45
2/1/2000,91.7245,170,226.3129041,41.338,42.1,5.73
3/1/2000,92.083,171,221.3259041,40.548,39.7,5.85
4/1/2000,92.6659,170.9,212.0774041,40.18,40.6,6.02
5/1/2000,92.9347,171.2,223.5698041,40.322,41.6,6.27
6/1/2000,93.0018,172.2,216.9629041,39.692,39.4,6.53
7/1/2000,92.8373,172.7,202.0037041,39.521,39.9,6.54
8/1/2000,92.591,172.7,201.0593041,39.234,39.5,6.5
9/1/2000,92.9827,173.6,202.3421041,39.078,39.2,6.52
10/1/2000,92.64,173.9,181.0575041,38.951,38.8,6.51
11/1/2000,92.6604,174.2,174.7198041,39.1,38.7,6.51
12/1/2000,92.3457,174.6,168.9143041,38.475,38.4,6.4
1/1/2001,91.8908,175.6,168.4965041,37.812,39.6,5.98
2/1/2001,91.2851,176,165.3650041,38.534,39.1,5.49
3/1/2001,91.0585,176.1,175.8704041,38.348,37.6,5.31
4/1/2001,90.7384,176.4,200.5672041,38.325,38.6,4.8
5/1/2001,90.2607,177.3,203.5722041,38.415,39.4,4.21
6/1/2001,89.7811,177.7,193.6272041,38.604,38.1,3.97
7/1/2001,89.2352,177.4,202.1158041,39.192,39.3,3.77
8/1/2001,89.157,177.4,202.7441041,39.778,39.7,3.65
9/1/2001,88.6749,178.1,214.5697041,54.532,57.6,3.07
10/1/2001,88.4051,177.6,226.8650041,45.334,44.6,2.49
11/1/2001,87.886,177.5,216.7623041,40.868,40.1,2.09
12/1/2001,87.8518,177.4,216.8478041,41.317,41.1,1.82
1/1/2002,88.4634,177.7,234.4934041,41.63,43.7,1.73
2/1/2002,88.4578,178,252.7907041,41.783,42.5,1.74
3/1/2002,89.1265,178.5,277.9113041,40.974,40.3,1.73
4/1/2002,89.5507,179.3,231.6181041,40.468,40.9,1.75
5/1/2002,89.9348,179.5,214.9769041,39.396,40.3,1.75
6/1/2002,90.6736,179.6,234.5808041,38.978,38.6,1.75
7/1/2002,90.6436,180,232.5421041,39.085,39.4,1.73
8/1/2002,90.5505,180.5,232.4956041,39.529,39.8,1.74
9/1/2002,90.6373,180.8,241.7983041,38.646,38.9,1.75
10/1/2002,90.3988,181.2,231.9737041,38.972,38.7,1.75
11/1/2002,90.8947,181.5,237.8288041,39.502,39.2,1.34
12/1/2002,90.3906,181.8,245.1425041,40.195,40.3,1.24
1/1/2003,91.1369,182.6,259.8827041,40.695,42.9,1.24
2/1/2003,91.2505,183.6,259.4273041,41.18,41.9,1.26
3/1/2003,91.0006,183.9,277.9949041,41.148,40.6,1.25
4/1/2003,90.4311,183.2,281.4620041,40.538,41.2,1.26
5/1/2003,90.4,182.9,288.8515041,40.853,41.8,1.26
6/1/2003,90.5196,183.1,300.7519041,42.094,42,1.22
7/1/2003,90.9869,183.7,285.6946041,42.952,43.6,1.01
8/1/2003,90.7933,184.5,306.8169041,45.447,46.1,1.03
9/1/2003,91.3819,185.1,294.9347041,43.96,44.4,1.01
10/1/2003,91.5049,184.9,337.0721041,43.295,43.1,1.01
11/1/2003,92.1265,185,354.5885041,42.788,42.6,1
12/1/2003,92.1732,185.5,341.8410041,42.496,43,0.98
1/1/2004,92.3268,186.3,309.8066041,42.875,45.5,1
2/1/2004,92.8995,186.7,330.8221041,42.951,43.9,1.01
3/1/2004,92.5368,187.1,355.1924041,44.816,44.2,1
4/1/2004,92.8957,187.4,382.9614041,45.527,46.1,1
5/1/2004,93.5845,188.2,353.0247041,45.311,46.3,1
6/1/2004,92.8651,188.9,354.2274041,45.689,45.7,1.03
7/1/2004,93.5502,189.1,379.1272041,45.882,46.8,1.26
8/1/2004,93.6301,189.2,401.3383041,45.284,45.8,1.43
9/1/2004,93.7353,189.8,464.4900041,46.142,46.5,1.61
10/1/2004,94.5695,190.8,468.8988041,46.11,45.7,1.76
11/1/2004,94.8015,191.7,422.2157041,45.82,45.6,1.93
12/1/2004,95.5415,191.7,415.2479041,46.362,46.8,2.16
1/1/2005,95.8785,191.6,431.0607041,47.387,50.4,2.28
2/1/2005,96.5709,192.4,453.2576041,45.859,46.6,2.5
3/1/2005,96.4345,193.1,415.2020041,46.767,45.9,2.63
4/1/2005,96.6347,193.7,441.8583041,46.001,46.5,2.79
5/1/2005,96.7251,193.6,474.1256041,45.307,46.3,3
6/1/2005,97.1483,193.7,473.8939041,45.854,46,3.04
7/1/2005,96.8397,194.9,484.0146041,45.986,47.1,3.26
8/1/2005,97.1584,196.1,497.5869041,44.994,45.5,3.5
9/1/2005,95.2764,198.8,465.2073041,46.068,46.1,3.62
10/1/2005,96.4411,199.1,427.3926041,45.202,44.8,3.78
11/1/2005,97.5016,198.1,428.5636041,44.974,44.7,4
12/1/2005,97.9723,198.1,462.9947041,44.795,45.4,4.16
1/1/2006,98.127,199.3,432.9858041,44.267,47.1,4.29
2/1/2006,98.1687,199.4,426.5571041,44.083,44.6,4.49
3/1/2006,98.3913,199.7,447.8307041,43.709,42.7,4.59
4/1/2006,98.6826,200.7,467.4543041,44.305,44.7,4.79
5/1/2006,98.7074,201.3,473.8034041,44.762,45.5,4.94
6/1/2006,99.0398,201.8,469.9876041,45.282,45.1,4.99
7/1/2006,98.9751,202.9,488.4910041,44.214,44.9,5.24
8/1/2006,99.4047,203.8,515.2801041,42.798,42.7,5.25
9/1/2006,99.2246,202.8,494.6438041,42.918,42.6,5.25
10/1/2006,99.1229,201.9,545.4721041,42.566,41.7,5.25
11/1/2006,99.0963,202,598.6493041,42.762,42.1,5.25
12/1/2006,100.1125,203.1,577.3264041,42.933,43.3,5.24
1/1/2007,99.7546,203.437,609.5079041,41.787,44.6,5.25
2/1/2007,100.7166,204.226,607.7169041,42.149,42.6,5.26
3/1/2007,100.8952,205.288,679.1170041,41.889,40.7,5.26
4/1/2007,101.5723,205.904,668.2519041,42.248,42.5,5.25
5/1/2007,101.6269,206.755,720.4063041,43.336,44.1,5.25
6/1/2007,101.6547,207.234,785.9224041,44.007,43.9,5.25
7/1/2007,101.4953,207.603,862.0391041,42.308,42.9,5.26
8/1/2007,101.6943,207.667,759.5385041,44.627,44.9,5.02
9/1/2007,101.9428,208.547,707.4951041,41.767,42.7,4.94
10/1/2007,101.6446,209.19,621.5764041,42.758,42.1,4.76
11/1/2007,102.2167,210.834,448.8003041,42.83,42.6,4.49
12/1/2007,102.2764,211.445,389.9857041,27.702,43.5,4.24
1/1/2008,102.1493,212.174,348.3773041,-3.145,44.9,3.94
2/1/2008,101.7756,212.687,335.5439041,-16.638,43.8,2.98
3/1/2008,101.4508,213.448,335.5797041,-49.585,43.8,2.61
4/1/2008,100.7554,213.942,357.8649041,-90.696,45,2.28
5/1/2008,100.1336,215.208,365.1877041,-109.79,46.9,1.98
6/1/2008,99.8728,217.463,442.3924041,-125.244,45.8,2
7/1/2008,99.4194,219.016,449.5561041,-119.867,46,2.01
8/1/2008,97.8491,218.69,456.7464041,-121.545,45.8,2
9/1/2008,93.5576,218.877,453.1263041,-186.779,102.9,1.81
10/1/2008,94.4985,216.995,462.0877041,-332.926,314.8,0.97
11/1/2008,93.2617,213.153,496.1470041,-89.48,609.1,0.39
12/1/2008,90.6266,211.398,511.9130041,166.621,820.9,0.16
1/1/2009,88.3712,211.933,523.3393041,293.893,860.2,0.15
2/1/2009,87.843,212.705,485.3393041,117.789,701,0.22
3/1/2009,86.4689,212.495,516.3393041,167.3,778.1,0.18
4/1/2009,85.7903,212.709,529.4980041,322.689,881.7,0.15
5/1/2009,84.9436,213.022,549.2806041,375.789,902.8,0.18
6/1/2009,84.6746,214.79,487.5326041,371.089,809.7,0.21
7/1/2009,85.6853,214.726,494.5168041,429.13,796.5,0.16
8/1/2009,86.6393,215.445,524.1480041,497.598,828.7,0.16
9/1/2009,87.3821,215.861,498.5015041,615.346,922.6,0.15
10/1/2009,87.5809,216.509,545.4038041,791.329,1056.7,0.12
11/1/2009,87.9388,217.234,563.4996041,923.499,1141.6,0.12
12/1/2009,88.2404,217.347,575.1775041,968.755,1140.4,0.12
1/1/2010,89.1897,217.488,631.1704041,967.186,1112.4,0.11
2/1/2010,89.5046,217.281,654.6041041,1113.481,1225.5,0.13
3/1/2010,90.1356,217.353,690.1855041,1094.3,1184.5,0.16
4/1/2010,90.4607,217.403,724.9625041,1036.415,1117.4,0.2
5/1/2010,91.7014,217.29,758.1341041,1034.332,1111.3,0.2
6/1/2010,91.9033,217.199,706.5950041,1029.954,1099.2,0.18
7/1/2010,92.2549,217.605,668.1845041,1022.248,1087.8,0.18
8/1/2010,92.5936,217.923,685.4165041,1025.75,1085.1,0.19
9/1/2010,92.8533,218.275,674.0270041,995.239,1047.9,0.19
10/1/2010,92.6033,219.035,590.3385041,991.32,1039.7,0.19
11/1/2010,92.6686,219.59,647.2945041,992.036,1038.6,0.19
12/1/2010,93.5916,220.472,657.3628041,1031.871,1078,0.18
1/1/2011,93.3889,221.187,644.2537041,1074.624,1110.3,0.17
2/1/2011,93.0045,221.898,660.0167041,1240.628,1263.7,0.16
3/1/2011,93.9684,223.046,702.8369041,1416.273,1434.9,0.14
4/1/2011,93.6571,224.093,688.0514041,1508.786,1528,0.1
5/1/2011,93.7723,224.806,684.2178041,1572.695,1589.8,0.09
6/1/2011,94.0493,224.806,595.5437041,1653.372,1665.8,0.09
7/1/2011,94.4958,225.395,598.7827041,1684.238,1696.6,0.07
8/1/2011,95.0974,226.106,635.1617041,1654.864,1666.6,0.1
9/1/2011,95.0244,226.597,674.3725041,1630.662,1643.5,0.08
10/1/2011,95.6891,226.75,665.0656041,1626.919,1638.9,0.07
11/1/2011,95.6778,227.169,637.0758041,1581.362,1592.4,0.08
12/1/2011,96.1809,227.223,649.3896041,1587.574,1598.7,0.07
1/1/2012,96.7595,227.842,645.9239041,1605.687,1619.2,0.08
2/1/2012,97.0662,228.329,674.7052041,1649.998,1659.9,0.1
3/1/2012,96.5609,228.807,647.5489041,1600.49,1606.3,0.13
4/1/2012,97.251,229.187,654.3857041,1577.905,1586.7,0.14
5/1/2012,97.4595,228.713,623.7743041,1550.503,1558.5,0.16
6/1/2012,97.4768,228.524,614.7974041,1551.961,1555.4,0.16
7/1/2012,97.6714,228.59,610.6384041,1579.791,1583.8,0.16
8/1/2012,97.2734,229.918,637.9775041,1579.017,1582.2,0.13
9/1/2012,97.2217,231.015,656.3904041,1513.923,1517.5,0.14
10/1/2012,97.5311,231.638,631.7391041,1523.679,1525.6,0.16
11/1/2012,97.9084,231.249,621.8636041,1545.758,1546.1,0.16
12/1/2012,98.1884,231.221,619.4563041,1568.221,1570.4,0.16
1/1/2013,98.1736,231.679,631.6251041,1630.307,1636.9,0.14
2/1/2013,98.6434,232.937,621.5951041,1730.944,1733.4,0.15
3/1/2013,99.047,232.282,648.9837041,1812.675,1811.3,0.14
4/1/2013,98.9445,231.797,648.1963041,1881.984,1884.7,0.15
5/1/2013,99.0383,231.893,651.8504041,1980.025,1982,0.11
6/1/2013,99.2221,232.445,648.9717041,,2062.9,0.09
7/1/2013,98.8987,232.9,657.9116041,,2147.7,0.09
8/1/2013,99.4897,233.456,621.0419041,,2252.6,0.08
9/1/2013,100.021,233.544,610.2565041,,2333.9,0.08
10/1/2013,99.9037,233.669,573.6332041,,2427.8,0.09
11/1/2013,100.1582,234.1,538.9316041,,2517.1,0.08
12/1/2013,100.374,234.719,481.4517041,,2541,0.09
1/1/2014,99.9899,235.288,417.4618041,,2556.4,0.07
2/1/2014,100.7471,235.547,389.0212041,,2650.1,0.07
3/1/2014,101.7435,236.028,420.5812041,,2676.7,0.08
4/1/2014,101.8273,236.468,395.9885041,,2714.9,0.09
5/1/2014,102.2392,236.918,444.9241041,,2688.4,0.09
6/1/2014,102.5774,237.231,438.4330041,,2722.3,0.1
7/1/2014,102.7954,237.498,440.0319041,,2759,0.09
8/1/2014,102.6322,237.46,377.7236041,,2842,0.09
9/1/2014,102.9417,237.477,380.1873041,,2814.5,0.09
10/1/2014,102.9611,237.43,358.6762041,,2760.3,0.09
11/1/2014,103.5978,236.983,362.7834041,,2575.1,0.09
12/1/2014,103.6151,236.252,335.4889041,,2665.9,0.12
1/1/2015,102.7923,234.747,310.9917041,,2745.6,0.11
2/1/2015,102.1366,235.342,300.0072041,,2556.1,0.11
3/1/2015,101.7869,235.976,302.9691041,,2732.9,0.11
4/1/2015,101.2255,236.222,322.7578041,,2756.7,0.12
5/1/2015,100.7675,237.001,359.7463041,,2641.7,0.12
6/1/2015,100.4588,237.657,370.2849041,,2611.1,0.13
7/1/2015,101.0893,238.034,373.3716041,,2649.3,0.13
8/1/2015,100.9165,238.033,338.7345041,,2666.1,0.14
9/1/2015,100.633,237.498,347.5471041,,2701.3,0.14
10/1/2015,100.1563,237.733,363.8104041,,2725.9,0.12
11/1/2015,99.4366,238.017,360.9623041,,2660.3,0.12
12/1/2015,98.9471,237.761,376.5605041,,2481.2,0.24
1/1/2016,99.4391,237.652,397.5432041,,2440,0.34
2/1/2016,98.9232,237.336,395.1695041,,2510.9,0.38
3/1/2016,98.1635,238.08,401.5592041,,2519.7,0.36
4/1/2016,98.4775,238.992,387.5638041,,2487,0.37
5/1/2016,98.2549,239.557,382.1051041,,2443.8,0.37
6/1/2016,98.7315,240.222,377.1931041,,2427.5,0.38
7/1/2016,98.8452,240.101,371.7168041,,2371.2,0.39
8/1/2016,98.7427,240.545,387.4046041,,2413.5,0.4
9/1/2016,98.6552,241.176,385.3434041,,2325.1,0.4
10/1/2016,98.7237,241.741,398.6475041,,2156.1,0.4
11/1/2016,98.3443,242.026,414.4812041,,2201.7,0.41
12/1/2016,99.0406,242.637,423.5967041,,2095.3,0.54
1/1/2017,98.8158,243.618,441.7750041,,2158.5,0.65
2/1/2017,98.4356,244.006,455.8723041,,2302.9,0.66
3/1/2017,99.0492,243.892,442.7200041,,2387.8,0.79
4/1/2017,100.0416,244.193,452.2746041,,2344.8,0.9
5/1/2017,100.128,244.004,475.1009041,,2288.9,0.91
6/1/2017,100.337,244.163,480.7666041,,2269.7,1.04
7/1/2017,100.0865,244.243,486.7765041,,2296.9,1.15
8/1/2017,99.6323,245.183,464.1717041,,2407.2,1.16
9/1/2017,99.7482,246.435,468.0274041,,2357.9,1.15
10/1/2017,100.9893,246.626,485.6187041,,2310.9,1.15
11/1/2017,101.2493,247.284,455.6561041,,2378.3,1.16
12/1/2017,101.4871,247.805,405.8590041,,2309.8,1.3
1/1/2018,101.4852,248.859,373.6675041,,2281,1.41
2/1/2018,101.7319,249.529,407.2300041,,2305.3,1.42
3/1/2018,102.1943,249.577,425.6859041,,2230.9,1.51
4/1/2018,103.3551,250.227,433.4646041,,2151,1.69
5/1/2018,102.381,250.792,445.7911041,,2086.6,1.7
6/1/2018,103.2256,251.018,407.1031041,,2052.7,1.82
7/1/2018,103.3561,251.214,424.6974041,,2014.6,1.91
8/1/2018,104.0585,251.663,421.7784041,,1976.1,1.91
9/1/2018,104.1038,252.182,396.3974041,,1938,1.95
10/1/2018,103.9297,252.772,402.9519041,,1895.8,2.19
11/1/2018,104.0126,252.594,406.8497041,,1840.8,2.2
12/1/2018,104.0451,252.767,408.5306041,,1759.9,2.27
1/1/2019,103.3598,252.561,435.5582041,,1707.3,2.4
2/1/2019,102.8251,253.319,388.1411041,,1713.7,2.4
3/1/2019,102.8361,254.277,357.7832041,,1725.9,2.41
4/1/2019,102.2748,255.233,254.8809041,,1623.9,2.42
5/1/2019,102.4176,255.296,256.3839041,,1576.3,2.39
6/1/2019,102.5425,255.213,306.4149041,,1601.3,2.38
7/1/2019,102.0057,255.802,324.8223041,,1578.6,2.4
8/1/2019,102.7814,256.036,339.1603041,,1586.8,2.13
9/1/2019,102.4601,256.43,357.5502041,,1504.8,2.04
10/1/2019,101.5878,257.155,349.5173041,,1547.1,1.83
11/1/2019,102.1494,257.879,340.1192041,,1595.2,1.55
12/1/2019,101.9421,258.63,384.9333041,,1698.3,1.55
1/1/2020,101.3372,258.906,408.7973041,,1715.2,1.55
2/1/2020,101.6718,259.246,430.3340041,,1726.9,1.58
3/1/2020,97.606,258.15,476.3262041,,2099.4,0.65
4/1/2020,84.6812,256.126,466.7533041,,2953.6,0.05
5/1/2020,86.0108,255.848,505.1935041,,3217.6,0.05
6/1/2020,91.6745,257.004,518.5671041,,3043.6,0.08
7/1/2020,95.0037,258.408,535.3148041,,2718.5,0.09
8/1/2020,95.9294,259.366,540.4683041,,2799.7,0.1
9/1/2020,95.8914,259.951,526.7070041,,2852.8,0.09
10/1/2020,96.5256,260.249,557.0450041,,2876.6,0.09
11/1/2020,96.9529,260.895,587.5487041,,3034.7,0.09
12/1/2020,98.2039,262.005,521.7836041,,3135,0.09
1/1/2021,98.8135,262.518,560.5198041,,3153.8,0.09
2/1/2021,95.5072,263.583,623.1236041,,3345.9,0.08
3/1/2021,98.1929,264.91,672.3880041,,3721.3,0.07
4/1/2021,98.3317,266.752,723.5255041,,3887.3,0.07
5/1/2021,99.1867,268.452,756.0915041,,3872.4,0.06
6/1/2021,99.6483,270.664,785.7941041,,3848.1,0.08
7/1/2021,100.0668,271.994,708.5689041,,3943.9,0.1
8/1/2021,100.0412,272.789,691.9765041,,4140.1,0.09
9/1/2021,98.9955,273.887,665.2670041,,4193.2,0.08
10/1/2021,100.3542,276.434,607.0968041,,4128.1,0.08
11/1/2021,101.2684,278.799,636.1832041,,4180.6,0.08
12/1/2021,101.1948,280.808,620.4484041,,4187.9,0.08
1/1/2022,101.2146,282.39,609.4112041,,3871.1,0.08
2/1/2022,101.8458,284.535,605.3966041,,3804.5,0.08
3/1/2022,102.6732,287.553,581.2054041,,3874.7,0.2
4/1/2022,102.9024,288.764,573.3634041,,3615.4,0.33
5/1/2022,102.9659,291.359,564.3069041,,3317.9,0.77
6/1/2022,102.8224,294.996,527.5640041,,3228.4,1.21
7/1/2022,103.0505,294.977,539.8000041,,3258.7,1.68
8/1/2022,103.1703,295.209,592.7415041,,3305.9,2.33
9/1/2022,103.5326,296.341,590.7634041,,3131.4,2.56
10/1/2022,103.4442,297.863,609.0079041,,3055.7,3.08
11/1/2022,103.1058,298.648,576.3116041,,3126.2,3.78
12/1/2022,101.8266,298.812,555.1095041,,3107.3,4.1
1/1/2023,102.7476,300.356,534.9806041,,3029.9,4.33
2/1/2023,102.8003,301.509,554.4074041,,3021.8,4.57
3/1/2023,102.8143,301.744,557.2710041,,3258.4,4.65
4/1/2023,103.2241,303.032,581.8178041,,3269.5,4.83
5/1/2023,102.9809,303.365,585.5056041,,3235.6,5.06
6/1/2023,102.3809,304.003,572.6147041,,3265.6,5.08
7/1/2023,103.0722,304.628,577.7246041,,3178.7,5.12
8/1/2023,103.0951,306.187,550.7785041,,3228,5.33
9/1/2023,103.3081,307.288,536.0891041,,3239.6,5.33
10/1/2023,102.5781,307.531,532.2228041,,3276.5,5.33
11/1/2023,102.8868,308.024,533.5424041,,3403.5,5.33
12/1/2023,102.6309,308.742,538.5954041,,3492,5.33
1/1/2024,101.483,309.685,,,3507,5.33
2/1/2024,102.7267,311.054,,,3567.7,5.33
3/1/2024,102.5186,312.23,,,3543.1,5.33
4/1/2024,102.3568,313.207,,,3429.5,5.33
5/1/2024,102.9797,313.225,,,3376.1,5.33
6/1/2024,103.2768,313.049,,,3379.7,5.33
7/1/2024,102.5381,313.534,,,3302.2,5.33
8/1/2024,103.0449,314.121,,,3321.1,5.33
9/1/2024,102.5497,314.686,,,3236.8,5.13
10/1/2024,102.2805,315.454,,,,4.83
